shot_id,shot_made_flag
24547,0.0
26432,0.0
25052,0.0
26210,0.0
14337,0.0
7931,0.0
18522,0.0
27035,0.0
19192,0.0
17485,0.0
6412,0.0
15446,0.0
21795,0.0
17977,0.0
9843,0.0
17458,0.0
9998,0.0
6904,0.0
9513,0.0
27520,0.0
27338,0.0
23105,0.0
5094,0.0
17032,0.0
15507,0.0
10195,0.0
9070,0.0
15416,0.0
24502,0.0
1598,0.0
15437,0.0
23192,0.0
17212,0.0
29360,0.0
14946,0.0
20805,0.0
4539,0.0
12802,0.0
28068,0.0
755,0.0
14729,0.0
2611,0.0
11792,0.0
29171,0.0
10577,0.0
9951,0.0
30290,0.0
9661,0.0
20593,0.0
9726,0.0
16194,0.0
6730,0.0
28536,0.0
9582,0.0
3028,0.0
15948,0.0
15958,0.0
25303,0.0
9641,0.0
17991,0.0
3773,0.0
26241,0.0
18602,0.0
19994,0.0
7141,0.0
15724,0.0
28450,0.0
27282,0.0
20568,0.0
26176,0.0
10231,0.0
25487,0.0
10134,0.0
14892,0.0
7655,0.0
9023,0.0
9696,0.0
8281,0.0
12450,0.0
23973,0.0
7223,0.0
8113,0.0
18394,0.0
26661,0.0
1976,0.0
19845,0.0
15889,0.0
18380,0.0
20412,0.0
12373,0.0
26220,0.0
3565,0.0
22842,0.0
21321,0.0
23274,0.0
24695,0.0
21101,0.0
27344,0.0
19954,0.0
10238,0.0
28860,0.0
5277,0.0
18291,0.0
26914,0.0
2408,0.0
16379,0.0
16478,0.0
23363,0.0
18156,0.0
5657,0.0
13942,0.0
29311,0.0
19904,0.0
4141,0.0
2895,0.0
26114,0.0
1998,0.0
29528,0.0
17697,0.0
7924,0.0
8180,0.0
278,0.0
12874,0.0
587,0.0
11887,0.0
22956,0.0
23257,0.0
4815,0.0
9793,0.0
13703,0.0
12357,0.0
17278,0.0
22012,0.0
8422,0.0
26643,0.0
3665,0.0
15593,0.0
14711,0.0
25463,0.0
18792,0.0
19766,0.0
14110,0.0
7769,0.0
4200,0.0
24459,0.0
22390,0.0
9194,0.0
25342,0.0
1193,0.0
19945,0.0
18925,0.0
18799,0.0
21546,0.0
25338,0.0
29809,0.0
25292,0.0
240,0.0
29711,0.0
5938,0.0
5736,0.0
15229,0.0
8245,0.0
28640,0.0
6805,0.0
4494,0.0
10104,0.0
4027,0.0
2140,0.0
2073,0.0
27103,0.0
21935,0.0
17518,0.0
8258,0.0
27588,0.0
14143,0.0
5812,0.0
14616,0.0
11884,0.0
3004,0.0
5503,0.0
11043,0.0
22536,0.0
23095,0.0
23624,0.0
10645,0.0
26520,0.0
406,0.0
6698,0.0
29701,0.0
7397,0.0
10306,0.0
6008,0.0
12006,0.0
9722,0.0
30153,0.0
11057,0.0
25335,0.0
17312,0.0
11059,0.0
15983,0.0
22304,0.0
24072,0.0
7550,0.0
12180,0.0
12231,0.0
16057,0.0
7712,0.0
2673,0.0
22609,0.0
5791,0.0
25574,0.0
14595,0.0
12902,0.0
21264,0.0
27236,0.0
5905,0.0
23543,0.0
29462,0.0
1042,0.0
17878,0.0
26688,0.0
243,0.0
5118,0.0
17273,0.0
14813,0.0
17548,0.0
29639,0.0
7640,0.0
1718,0.0
15163,0.0
4327,0.0
1771,0.0
10863,0.0
10517,0.0
18730,0.0
4499,0.0
17572,0.0
21644,0.0
12780,0.0
12968,0.0
6346,0.0
29708,0.0
27043,0.0
17995,0.0
17649,0.0
2788,0.0
1865,0.0
14308,0.0
11383,0.0
24475,0.0
29985,0.0
15684,0.0
20150,0.0
12659,0.0
13641,0.0
22537,0.0
21801,0.0
22606,0.0
25233,0.0
28600,0.0
22947,0.0
11600,0.0
1914,0.0
4216,0.0
2302,0.0
6546,0.0
19394,0.0
22259,0.0
7426,0.0
14532,0.0
3151,0.0
13254,0.0
22097,0.0
22041,0.0
13796,0.0
26306,0.0
22849,0.0
6194,0.0
28292,0.0
15536,0.0
19999,0.0
15033,0.0
29840,0.0
14056,0.0
24590,0.0
8125,0.0
28583,0.0
12246,0.0
14609,0.0
22034,0.0
24395,0.0
25425,0.0
20592,0.0
21379,0.0
25566,0.0
8997,0.0
12295,0.0
3179,0.0
5614,0.0
4084,0.0
7960,0.0
11344,0.0
21341,0.0
7983,0.0
2946,0.0
7230,0.0
23112,0.0
11772,0.0
2138,0.0
12421,0.0
6767,0.0
26990,0.0
25383,0.0
2430,0.0
18374,0.0
29332,0.0
8922,0.0
7591,0.0
12960,0.0
14777,0.0
21585,0.0
19022,0.0
14180,0.0
22060,0.0
9568,0.0
25654,0.0
10365,0.0
4187,0.0
2163,0.0
27871,0.0
4377,0.0
25669,0.0
13858,0.0
7290,0.0
341,0.0
6971,0.0
13861,0.0
13553,0.0
14925,0.0
16812,0.0
22036,0.0
13304,0.0
15411,0.0
10619,0.0
12830,0.0
3829,0.0
7966,0.0
9279,0.0
25686,0.0
26182,0.0
30006,0.0
21486,0.0
5610,0.0
19372,0.0
30000,0.0
7724,0.0
11196,0.0
18300,0.0
2820,0.0
18215,0.0
16960,0.0
25762,0.0
5907,0.0
469,0.0
12409,0.0
12541,0.0
7115,0.0
7836,0.0
2977,0.0
30440,0.0
23146,0.0
22333,0.0
30378,0.0
25699,0.0
14470,0.0
12856,0.0
26925,0.0
26288,0.0
29378,0.0
20876,0.0
10349,0.0
7297,0.0
20370,0.0
1980,0.0
11471,0.0
24431,0.0
10087,0.0
27530,0.0
14848,0.0
22145,0.0
3937,0.0
14678,0.0
20075,0.0
19871,0.0
3059,0.0
29902,0.0
14387,0.0
4139,0.0
3103,0.0
29565,0.0
17735,0.0
15673,0.0
7419,0.0
10621,0.0
26298,0.0
20009,0.0
2051,0.0
28785,0.0
8770,0.0
27949,0.0
499,0.0
19715,0.0
20601,0.0
25355,0.0
11169,0.0
21749,0.0
10716,0.0
4963,0.0
8372,0.0
18498,0.0
10723,0.0
14846,0.0
24361,0.0
17224,0.0
6960,0.0
5843,0.0
373,0.0
13206,0.0
12506,0.0
17862,0.0
6248,0.0
25045,0.0
5590,0.0
9625,0.0
27472,0.0
9239,0.0
25254,0.0
9007,0.0
13151,0.0
3168,0.0
8691,0.0
13916,0.0
27872,0.0
8938,0.0
16414,0.0
27407,0.0
20079,0.0
894,0.0
10753,0.0
11948,0.0
3459,0.0
1252,0.0
13356,0.0
13662,0.0
4989,0.0
19759,0.0
18975,0.0
23717,0.0
25204,0.0
23482,0.0
9888,0.0
869,0.0
2540,0.0
12167,0.0
19197,0.0
27817,0.0
23236,0.0
2991,0.0
16796,0.0
6148,0.0
9707,0.0
28056,0.0
7915,0.0
10654,0.0
5765,0.0
25990,0.0
11854,0.0
26404,0.0
30561,0.0
3940,0.0
10559,0.0
29138,0.0
9280,0.0
8295,0.0
25846,0.0
6345,0.0
16858,0.0
21364,0.0
18785,0.0
16425,0.0
23433,0.0
21248,0.0
25535,0.0
11252,0.0
7072,0.0
1075,0.0
4870,0.0
27738,0.0
10128,0.0
12963,0.0
1264,0.0
384,0.0
3599,0.0
14258,0.0
20416,0.0
10991,0.0
7479,0.0
28753,0.0
3323,0.0
11398,0.0
9950,0.0
18312,0.0
23421,0.0
12183,0.0
1798,0.0
12788,0.0
27137,0.0
3269,0.0
7758,0.0
18469,0.0
23659,0.0
798,0.0
12309,0.0
8221,0.0
18488,0.0
7991,0.0
12920,0.0
27024,0.0
29496,0.0
9207,0.0
19301,0.0
17489,0.0
13147,0.0
24270,0.0
11589,0.0
7288,0.0
20780,0.0
19957,0.0
10166,0.0
25035,0.0
16354,0.0
25773,0.0
26964,0.0
7783,0.0
17901,0.0
7800,0.0
2543,0.0
13635,0.0
19439,0.0
19435,0.0
23184,0.0
15910,0.0
17732,0.0
15678,0.0
20814,0.0
2791,0.0
12937,0.0
13887,0.0
8312,0.0
20101,0.0
26945,0.0
9300,0.0
22136,0.0
1710,0.0
29990,0.0
29748,0.0
12807,0.0
8780,0.0
11727,0.0
14014,0.0
23889,0.0
27357,0.0
4937,0.0
25248,0.0
27893,0.0
4116,0.0
14961,0.0
8534,0.0
7346,0.0
5452,0.0
28941,0.0
602,0.0
4408,0.0
28424,0.0
18719,0.0
4026,0.0
22541,0.0
14653,0.0
3602,0.0
26828,0.0
22828,0.0
9761,0.0
1298,0.0
4727,0.0
4513,0.0
5823,0.0
28971,0.0
7311,0.0
19849,0.0
17499,0.0
21961,0.0
3050,0.0
9575,0.0
11213,0.0
21057,0.0
6859,0.0
20070,0.0
1323,0.0
6618,0.0
18018,0.0
10025,0.0
27246,0.0
5944,0.0
29025,0.0
1338,0.0
6092,0.0
27841,0.0
18742,0.0
29053,0.0
2877,0.0
2685,0.0
28019,0.0
7117,0.0
14745,0.0
14569,0.0
3447,0.0
28243,0.0
2548,0.0
29612,0.0
24824,0.0
23005,0.0
7850,0.0
28690,0.0
17288,0.0
15276,0.0
16112,0.0
21081,0.0
20076,0.0
25249,0.0
7525,0.0
30376,0.0
2285,0.0
21085,0.0
12854,0.0
18279,0.0
12230,0.0
6365,0.0
1762,0.0
13001,0.0
11633,0.0
6994,0.0
4840,0.0
28047,0.0
4509,0.0
12820,0.0
13741,0.0
26833,0.0
16901,0.0
1475,0.0
8917,0.0
18710,0.0
3446,0.0
1900,0.0
27986,0.0
13790,0.0
5935,0.0
15928,0.0
11232,0.0
12851,0.0
15846,0.0
26418,0.0
3127,0.0
331,0.0
208,0.0
30248,0.0
25962,0.0
22895,0.0
16235,0.0
18272,0.0
1414,0.0
30342,0.0
2177,0.0
28257,0.0
26682,0.0
4448,0.0
28578,0.0
5074,0.0
18255,0.0
18037,0.0
15927,0.0
17184,0.0
15975,0.0
22974,0.0
3791,0.0
25819,0.0
11487,0.0
298,0.0
1021,0.0
7634,0.0
10708,0.0
10729,0.0
22724,0.0
16450,0.0
24802,0.0
13163,0.0
18840,0.0
9579,0.0
14272,0.0
30429,0.0
25716,0.0
19881,0.0
23181,0.0
9520,0.0
4616,0.0
4031,0.0
7731,0.0
21208,0.0
1314,0.0
23229,0.0
27743,0.0
4255,0.0
10839,0.0
23486,0.0
8242,0.0
19893,0.0
294,0.0
7013,0.0
21061,0.0
25186,0.0
16517,0.0
10174,0.0
21158,0.0
7446,0.0
26044,0.0
11932,0.0
4548,0.0
30136,0.0
30564,0.0
6450,0.0
11901,0.0
4402,0.0
29975,0.0
16473,0.0
23848,0.0
30047,0.0
22037,0.0
14395,0.0
26331,0.0
18581,0.0
25345,0.0
26213,0.0
1597,0.0
25293,0.0
25938,0.0
15858,0.0
4826,0.0
28649,0.0
10706,0.0
9945,0.0
4251,0.0
4986,0.0
11919,0.0
15866,0.0
24668,0.0
14417,0.0
2437,0.0
19204,0.0
12291,0.0
14400,0.0
8091,0.0
2093,0.0
6131,0.0
13555,0.0
8571,0.0
19404,0.0
11977,0.0
14229,0.0
2911,0.0
20523,0.0
22286,0.0
25168,0.0
19737,0.0
2607,0.0
15720,0.0
30191,0.0
10711,0.0
19464,0.0
11133,0.0
23913,0.0
17037,0.0
5774,0.0
6555,0.0
17955,0.0
25454,0.0
30577,0.0
5923,0.0
13518,0.0
16195,0.0
19942,0.0
8900,0.0
17943,0.0
22238,0.0
22385,0.0
14102,0.0
20907,0.0
69,0.0
30435,0.0
28049,0.0
5885,0.0
22612,0.0
5587,0.0
14776,0.0
4597,0.0
9588,0.0
4369,0.0
19288,0.0
29965,0.0
17505,0.0
22817,0.0
11705,0.0
28035,0.0
17355,0.0
26104,0.0
2878,0.0
10560,0.0
15610,0.0
9391,0.0
24961,0.0
2628,0.0
27562,0.0
12733,0.0
19350,0.0
338,0.0
3422,0.0
1952,0.0
4418,0.0
22159,0.0
10759,0.0
15071,0.0
29490,0.0
875,0.0
21888,0.0
21590,0.0
23322,0.0
23825,0.0
19428,0.0
18594,0.0
10505,0.0
13755,0.0
13862,0.0
16774,0.0
4468,0.0
28030,0.0
15136,0.0
629,0.0
19774,0.0
2678,0.0
19221,0.0
13584,0.0
3304,0.0
11555,0.0
16119,0.0
20132,0.0
46,0.0
15748,0.0
10598,0.0
5740,0.0
20981,0.0
11762,0.0
26959,0.0
25941,0.0
15398,0.0
26357,0.0
1153,0.0
739,0.0
18158,0.0
3260,0.0
20918,0.0
1426,0.0
25430,0.0
14617,0.0
19985,0.0
17888,0.0
22094,0.0
13465,0.0
26572,0.0
28861,0.0
12453,0.0
14815,0.0
20359,0.0
24050,0.0
22595,0.0
23499,0.0
2612,0.0
8714,0.0
12970,0.0
14677,0.0
2335,0.0
30583,0.0
3531,0.0
20751,0.0
14937,0.0
11615,0.0
1989,0.0
4058,0.0
19182,0.0
17382,0.0
2956,0.0
19426,0.0
10824,0.0
24825,0.0
16755,0.0
9658,0.0
24749,0.0
24386,0.0
15145,0.0
14184,0.0
11760,0.0
17892,0.0
17621,0.0
27941,0.0
8557,0.0
9858,0.0
22368,0.0
22431,0.0
23956,0.0
9468,0.0
7767,0.0
16836,0.0
12886,0.0
10854,0.0
27657,0.0
5567,0.0
6925,0.0
25083,0.0
25511,0.0
24150,0.0
17094,0.0
14446,0.0
25421,0.0
22019,0.0
3216,0.0
20016,0.0
28987,0.0
19135,0.0
26048,0.0
15298,0.0
4740,0.0
27631,0.0
29371,0.0
21496,0.0
6564,0.0
9134,0.0
16479,0.0
1058,0.0
2154,0.0
24374,0.0
21583,0.0
18059,0.0
14392,0.0
13240,0.0
20711,0.0
28213,0.0
10556,0.0
14681,0.0
26623,0.0
10871,0.0
23199,0.0
21826,0.0
22129,0.0
1011,0.0
28576,0.0
22969,0.0
3055,0.0
28482,0.0
11559,0.0
12648,0.0
27191,0.0
2277,0.0
2525,0.0
18262,0.0
14700,0.0
10906,0.0
10055,0.0
25793,0.0
5180,0.0
7662,0.0
28570,0.0
19839,0.0
14324,0.0
1455,0.0
30548,0.0
2716,0.0
21656,0.0
15506,0.0
504,0.0
8182,0.0
14177,0.0
30504,0.0
26166,0.0
29095,0.0
12443,0.0
2346,0.0
5581,0.0
20722,0.0
10584,0.0
22683,0.0
21412,0.0
12947,0.0
21439,0.0
8779,0.0
5266,0.0
24196,0.0
30127,0.0
6181,0.0
22944,0.0
15029,0.0
30181,0.0
3437,0.0
187,0.0
15989,0.0
14322,0.0
23792,0.0
10095,0.0
13487,0.0
19761,0.0
26300,0.0
9466,0.0
19776,0.0
6734,0.0
3872,0.0
20982,0.0
9090,0.0
3100,0.0
24845,0.0
13770,0.0
11377,0.0
23805,0.0
19692,0.0
97,0.0
4451,0.0
24006,0.0
10330,0.0
13781,0.0
23485,0.0
13327,0.0
27320,0.0
888,0.0
24637,0.0
26089,0.0
7355,0.0
20732,0.0
3717,0.0
7762,0.0
16538,0.0
19148,0.0
14805,0.0
14619,0.0
8400,0.0
24444,0.0
4672,0.0
21517,0.0
313,0.0
6267,0.0
1168,0.0
18249,0.0
9808,0.0
28608,0.0
13691,0.0
1906,0.0
4029,0.0
11548,0.0
4879,0.0
30302,0.0
5936,0.0
15232,0.0
4952,0.0
17069,0.0
22765,0.0
21687,0.0
19501,0.0
411,0.0
27012,0.0
5038,0.0
29536,0.0
15141,0.0
20874,0.0
11419,0.0
10902,0.0
16383,0.0
18851,0.0
16249,0.0
17588,0.0
124,0.0
1754,0.0
17142,0.0
2463,0.0
11008,0.0
1158,0.0
26058,0.0
2503,0.0
27134,0.0
16265,0.0
11350,0.0
15168,0.0
10796,0.0
15234,0.0
10775,0.0
22438,0.0
9022,0.0
22076,0.0
7650,0.0
10120,0.0
19609,0.0
25742,0.0
12377,0.0
21921,0.0
7381,0.0
8201,0.0
12772,0.0
21573,0.0
304,0.0
23582,0.0
15171,0.0
9755,0.0
16242,0.0
9176,0.0
7735,0.0
19748,0.0
19143,0.0
13281,0.0
17144,0.0
21993,0.0
22662,0.0
25300,0.0
19733,0.0
6318,0.0
8344,0.0
21030,0.0
30147,0.0
25188,0.0
25309,0.0
9367,0.0
11851,0.0
25940,0.0
20143,0.0
7339,0.0
25981,0.0
11271,0.0
14339,0.0
19781,0.0
30240,0.0
25575,0.0
23132,0.0
30177,0.0
9308,0.0
27011,0.0
23851,0.0
27171,0.0
13953,0.0
18614,0.0
25640,0.0
22005,0.0
12940,0.0
16790,0.0
6471,0.0
1729,0.0
29945,0.0
22550,0.0
13503,0.0
18907,0.0
28705,0.0
20705,0.0
4750,0.0
27613,0.0
607,0.0
4993,0.0
6036,0.0
1695,0.0
8886,0.0
16810,0.0
11741,0.0
29487,0.0
3877,0.0
26831,0.0
21812,0.0
14495,0.0
13948,0.0
29297,0.0
29689,0.0
15645,0.0
4167,0.0
25223,0.0
11815,0.0
1364,0.0
9885,0.0
20560,0.0
23187,0.0
16341,0.0
24437,0.0
27076,0.0
25262,0.0
30530,0.0
3553,0.0
16215,0.0
22271,0.0
13092,0.0
16764,0.0
28060,0.0
15594,0.0
30029,0.0
4916,0.0
20273,0.0
8014,0.0
3521,0.0
47,0.0
7135,0.0
14435,0.0
16332,0.0
12442,0.0
238,0.0
9232,0.0
8694,0.0
3821,0.0
18119,0.0
30642,0.0
18405,0.0
14032,0.0
24390,0.0
30028,0.0
4688,0.0
6176,0.0
6145,0.0
30431,0.0
25795,0.0
24781,0.0
17128,0.0
25192,0.0
16098,0.0
16406,0.0
4852,0.0
13501,0.0
4822,0.0
20723,0.0
25237,0.0
18438,0.0
21454,0.0
17848,0.0
9806,0.0
21822,0.0
3259,0.0
5591,0.0
9401,0.0
17880,0.0
15332,0.0
28293,0.0
5458,0.0
13495,0.0
25709,0.0
21504,0.0
11609,0.0
1260,0.0
10841,0.0
21043,0.0
20000,0.0
7642,0.0
7710,0.0
29148,0.0
8179,0.0
5247,0.0
27701,0.0
29666,0.0
14692,0.0
17213,0.0
21998,0.0
24055,0.0
12553,0.0
851,0.0
4953,0.0
23954,0.0
24394,0.0
11808,0.0
21064,0.0
3255,0.0
24741,0.0
14095,0.0
21910,0.0
21636,0.0
23537,0.0
18235,0.0
12842,0.0
18074,0.0
10978,0.0
4614,0.0
11556,0.0
24626,0.0
6621,0.0
23343,0.0
1974,0.0
23195,0.0
22521,0.0
12597,0.0
23100,0.0
6037,0.0
11465,0.0
12719,0.0
4066,0.0
17135,0.0
18961,0.0
29969,0.0
28316,0.0
15811,0.0
4454,0.0
7582,0.0
7722,0.0
28244,0.0
25516,0.0
25799,0.0
4707,0.0
16557,0.0
20389,0.0
2381,0.0
10927,0.0
4036,0.0
18940,0.0
22576,0.0
9199,0.0
4415,0.0
21481,0.0
3493,0.0
14442,0.0
17328,0.0
18220,0.0
4015,0.0
3893,0.0
7914,0.0
10161,0.0
1973,0.0
8901,0.0
26290,0.0
25908,0.0
22510,0.0
26515,0.0
28009,0.0
7220,0.0
18145,0.0
28165,0.0
25162,0.0
18032,0.0
15331,0.0
23876,0.0
10983,0.0
22824,0.0
25404,0.0
12369,0.0
5707,0.0
13461,0.0
22,0.0
25032,0.0
17483,0.0
27447,0.0
27761,0.0
26266,0.0
16467,0.0
23768,0.0
11194,0.0
6951,0.0
12900,0.0
3626,0.0
29454,0.0
26337,0.0
18276,0.0
15461,0.0
8070,0.0
28052,0.0
20257,0.0
6360,0.0
10628,0.0
20266,0.0
9712,0.0
1091,0.0
20563,0.0
10701,0.0
27296,0.0
13176,0.0
14585,0.0
5652,0.0
28890,0.0
10778,0.0
8814,0.0
25783,0.0
27458,0.0
9048,0.0
19375,0.0
27595,0.0
21507,0.0
1547,0.0
22494,0.0
10957,0.0
29800,0.0
5347,0.0
7212,0.0
16985,0.0
14243,0.0
24354,0.0
28565,0.0
12497,0.0
7797,0.0
18939,0.0
16562,0.0
17387,0.0
21996,0.0
16646,0.0
13866,0.0
184,0.0
12308,0.0
4814,0.0
22192,0.0
1530,0.0
15732,0.0
29169,0.0
19988,0.0
4777,0.0
15609,0.0
3551,0.0
6076,0.0
13024,0.0
19560,0.0
17436,0.0
1196,0.0
28409,0.0
28371,0.0
14787,0.0
19249,0.0
24425,0.0
15788,0.0
6729,0.0
26547,0.0
8367,0.0
25925,0.0
12107,0.0
15697,0.0
21843,0.0
1796,0.0
29704,0.0
23762,0.0
18587,0.0
21613,0.0
10573,0.0
7463,0.0
24052,0.0
14935,0.0
4673,0.0
9944,0.0
14179,0.0
29036,0.0
17353,0.0
14368,0.0
20927,0.0
23738,0.0
1730,0.0
3678,0.0
1329,0.0
25557,0.0
18758,0.0
29019,0.0
16493,0.0
6752,0.0
20930,0.0
23115,0.0
23078,0.0
24535,0.0
4667,0.0
15016,0.0
11220,0.0
18839,0.0
20972,0.0
23538,0.0
20106,0.0
6562,0.0
13723,0.0
16740,0.0
10476,0.0
23225,0.0
3083,0.0
9242,0.0
7955,0.0
6743,0.0
7395,0.0
17122,0.0
9614,0.0
13930,0.0
14603,0.0
27185,0.0
5487,0.0
13331,0.0
30184,0.0
23728,0.0
4764,0.0
19123,0.0
7667,0.0
22356,0.0
10296,0.0
16041,0.0
3977,0.0
25600,0.0
24442,0.0
28048,0.0
3449,0.0
9785,0.0
17340,0.0
6424,0.0
23600,0.0
30545,0.0
25408,0.0
6222,0.0
26385,0.0
4215,0.0
1585,0.0
6012,0.0
29340,0.0
26886,0.0
11204,0.0
9733,0.0
6378,0.0
7768,0.0
6207,0.0
6212,0.0
27630,0.0
2028,0.0
23458,0.0
9091,0.0
3120,0.0
2339,0.0
19663,0.0
8236,0.0
19188,0.0
20307,0.0
28189,0.0
25171,0.0
30608,0.0
25586,0.0
18348,0.0
16068,0.0
9234,0.0
7961,0.0
24945,0.0
8724,0.0
9997,0.0
9238,0.0
11803,0.0
2061,0.0
2849,0.0
8223,0.0
4827,0.0
22486,0.0
4711,0.0
30329,0.0
18068,0.0
7271,0.0
22737,0.0
21155,0.0
13583,0.0
8539,0.0
27624,0.0
17659,0.0
10870,0.0
24405,0.0
28607,0.0
9216,0.0
10368,0.0
22874,0.0
2599,0.0
22992,0.0
526,0.0
4394,0.0
1129,0.0
17759,0.0
2951,0.0
2567,0.0
23079,0.0
8916,0.0
19072,0.0
14695,0.0
25689,0.0
6223,0.0
14107,0.0
25724,0.0
10830,0.0
17287,0.0
28369,0.0
26400,0.0
30598,0.0
2996,0.0
1328,0.0
13056,0.0
644,0.0
29097,0.0
6303,0.0
8421,0.0
5553,0.0
10807,0.0
611,0.0
4334,0.0
7372,0.0
27245,0.0
12147,0.0
11928,0.0
20966,0.0
14730,0.0
3990,0.0
20802,0.0
17250,0.0
19352,0.0
474,0.0
29178,0.0
4061,0.0
24135,0.0
11484,0.0
516,0.0
24295,0.0
3481,0.0
6425,0.0
16122,0.0
13681,0.0
10443,0.0
8547,0.0
13045,0.0
25523,0.0
28587,0.0
19956,0.0
6043,0.0
10647,0.0
22753,0.0
28908,0.0
10665,0.0
21105,0.0
806,0.0
27284,0.0
27212,0.0
20750,0.0
8237,0.0
1817,0.0
4260,0.0
28888,0.0
6649,0.0
5379,0.0
17291,0.0
15937,0.0
27438,0.0
25449,0.0
4290,0.0
12969,0.0
12319,0.0
17632,0.0
21513,0.0
24165,0.0
13663,0.0
13224,0.0
18855,0.0
9626,0.0
23148,0.0
631,0.0
1527,0.0
539,0.0
19314,0.0
15577,0.0
7958,0.0
5840,0.0
7723,0.0
2526,0.0
3979,0.0
30115,0.0
8543,0.0
29880,0.0
19577,0.0
11048,0.0
6760,0.0
20345,0.0
3241,0.0
7448,0.0
28252,0.0
6370,0.0
28622,0.0
30470,0.0
1425,0.0
3805,0.0
14811,0.0
15330,0.0
2143,0.0
9980,0.0
27160,0.0
24481,0.0
29651,0.0
9741,0.0
26203,0.0
8591,0.0
9336,0.0
4969,0.0
16875,0.0
24028,0.0
3283,0.0
9558,0.0
13677,0.0
9375,0.0
10285,0.0
22647,0.0
22248,0.0
30043,0.0
20303,0.0
30367,0.0
9975,0.0
269,0.0
8318,0.0
30471,0.0
25585,0.0
8680,0.0
26488,0.0
9389,0.0
19760,0.0
7744,0.0
23849,0.0
15689,0.0
7196,0.0
11004,0.0
18250,0.0
21024,0.0
24790,0.0
13266,0.0
30623,0.0
18919,0.0
29382,0.0
11024,0.0
30433,0.0
18529,0.0
20254,0.0
13286,0.0
18664,0.0
17604,0.0
18835,0.0
2068,0.0
20882,0.0
21465,0.0
5326,0.0
2326,0.0
10391,0.0
18236,0.0
11058,0.0
26354,0.0
5453,0.0
1049,0.0
7946,0.0
13574,0.0
27383,0.0
2283,0.0
17196,0.0
26111,0.0
11031,0.0
22859,0.0
11858,0.0
6069,0.0
8230,0.0
15607,0.0
3354,0.0
2622,0.0
3366,0.0
29355,0.0
14421,0.0
3068,0.0
6216,0.0
12293,0.0
14356,0.0
4850,0.0
23651,0.0
12174,0.0
8816,0.0
29017,0.0
14924,0.0
19115,0.0
17528,0.0
16315,0.0
9830,0.0
3271,0.0
17886,0.0
26609,0.0
15654,0.0
28875,0.0
6498,0.0
23720,0.0
28800,0.0
25902,0.0
24701,0.0
26916,0.0
19538,0.0
12448,0.0
2861,0.0
9671,0.0
28142,0.0
19753,0.0
23020,0.0
9129,0.0
10132,0.0
23647,0.0
19787,0.0
15752,0.0
26469,0.0
28782,0.0
161,0.0
19645,0.0
28281,0.0
4677,0.0
24563,0.0
24528,0.0
19403,0.0
30562,0.0
5257,0.0
20953,0.0
26837,0.0
21238,0.0
5234,0.0
7936,0.0
736,0.0
28567,0.0
6843,0.0
5059,0.0
15434,0.0
9587,0.0
15167,0.0
25087,0.0
1159,0.0
2246,0.0
28921,0.0
3247,0.0
24672,0.0
6367,0.0
12925,0.0
25970,0.0
16157,0.0
16058,0.0
26416,0.0
23698,0.0
9350,0.0
2158,0.0
10617,0.0
4933,0.0
15282,0.0
10769,0.0
19948,0.0
23110,0.0
7567,0.0
26965,0.0
589,0.0
18615,0.0
26620,0.0
25838,0.0
28304,0.0
28749,0.0
18597,0.0
13290,0.0
28897,0.0
22447,0.0
28777,0.0
11606,0.0
2521,0.0
3134,0.0
9906,0.0
21190,0.0
15529,0.0
1113,0.0
6224,0.0
16639,0.0
14407,0.0
26137,0.0
16989,0.0
26625,0.0
3388,0.0
3473,0.0
25892,0.0
29259,0.0
23557,0.0
9220,0.0
993,0.0
9068,0.0
9418,0.0
11971,0.0
10038,0.0
6558,0.0
21964,0.0
15484,0.0
22858,0.0
18573,0.0
18247,0.0
9293,0.0
30403,0.0
9664,0.0
11325,0.0
925,0.0
25655,0.0
6522,0.0
23453,0.0
4497,0.0
16255,0.0
25289,0.0
6508,0.0
26497,0.0
10494,0.0
28015,0.0
10143,0.0
17103,0.0
22491,0.0
18564,0.0
27614,0.0
19229,0.0
24463,0.0
17812,0.0
6634,0.0
17599,0.0
14691,0.0
7755,0.0
16135,0.0
6957,0.0
3619,0.0
27412,0.0
22611,0.0
23017,0.0
10447,0.0
15905,0.0
9006,0.0
17760,0.0
23413,0.0
7132,0.0
13830,0.0
2979,0.0
14840,0.0
30441,0.0
21103,0.0
3847,0.0
16244,0.0
29196,0.0
21737,0.0
27583,0.0
22006,0.0
7893,0.0
22601,0.0
1271,0.0
29845,0.0
11696,0.0
4573,0.0
12617,0.0
11564,0.0
2621,0.0
16323,0.0
19803,0.0
28530,0.0
25876,0.0
2692,0.0
18062,0.0
18464,0.0
26918,0.0
28182,0.0
8935,0.0
29870,0.0
16457,0.0
12065,0.0
30351,0.0
17748,0.0
26638,0.0
6583,0.0
17185,0.0
19810,0.0
17512,0.0
28729,0.0
12651,0.0
25921,0.0
5658,0.0
12079,0.0
20878,0.0
26218,0.0
8715,0.0
24872,0.0
27477,0.0
17391,0.0
26711,0.0
22791,0.0
29759,0.0
5239,0.0
15659,0.0
11771,0.0
17451,0.0
14250,0.0
9444,0.0
21823,0.0
18331,0.0
25687,0.0
5178,0.0
7747,0.0
12498,0.0
4461,0.0
22313,0.0
19910,0.0
6329,0.0
16090,0.0
563,0.0
14942,0.0
13328,0.0
2561,0.0
15615,0.0
24586,0.0
7786,0.0
8651,0.0
26053,0.0
12691,0.0
3623,0.0
1303,0.0
28940,0.0
19499,0.0
21932,0.0
18646,0.0
22520,0.0
8186,0.0
13192,0.0
24259,0.0
5995,0.0
27017,0.0
30288,0.0
17668,0.0
20313,0.0
1166,0.0
14099,0.0
22694,0.0
5400,0.0
1689,0.0
24750,0.0
24615,0.0
24152,0.0
4164,0.0
28303,0.0
17003,0.0
11175,0.0
30148,0.0
29488,0.0
28224,0.0
1211,0.0
12595,0.0
7055,0.0
6218,0.0
254,0.0
16398,0.0
9449,0.0
18698,0.0
25865,0.0
28392,0.0
12162,0.0
22337,0.0
2493,0.0
13476,0.0
4439,0.0
28330,0.0
3613,0.0
26312,0.0
13489,0.0
29493,0.0
764,0.0
6013,0.0
263,0.0
27996,0.0
5710,0.0
29976,0.0
21835,0.0
8596,0.0
18802,0.0
20830,0.0
18340,0.0
16515,0.0
13661,0.0
7737,0.0
8444,0.0
9456,0.0
6608,0.0
12131,0.0
6081,0.0
15121,0.0
6187,0.0
6772,0.0
9189,0.0
11425,0.0
17647,0.0
28360,0.0
11610,0.0
13563,0.0
21297,0.0
2630,0.0
29697,0.0
2644,0.0
10557,0.0
9193,0.0
24810,0.0
3938,0.0
169,0.0
2634,0.0
20297,0.0
27496,0.0
10314,0.0
10496,0.0
24774,0.0
9302,0.0
25031,0.0
183,0.0
24491,0.0
13190,0.0
30301,0.0
12050,0.0
28352,0.0
3764,0.0
6353,0.0
8563,0.0
17526,0.0
11357,0.0
24716,0.0
9470,0.0
7067,0.0
980,0.0
435,0.0
8066,0.0
11483,0.0
23947,0.0
12449,0.0
13392,0.0
2967,0.0
30509,0.0
19159,0.0
11750,0.0
115,0.0
11738,0.0
18809,0.0
14753,0.0
24323,0.0
5805,0.0
21086,0.0
25189,0.0
13859,0.0
2564,0.0
8009,0.0
16668,0.0
5007,0.0
2726,0.0
22398,0.0
11639,0.0
2592,0.0
21102,0.0
18769,0.0
23709,0.0
7795,0.0
26832,0.0
15297,0.0
17590,0.0
27192,0.0
4888,0.0
828,0.0
17542,0.0
11457,0.0
24384,0.0
14913,0.0
148,0.0
25437,0.0
7252,0.0
25077,0.0
4704,0.0
3915,0.0
21189,0.0
10035,0.0
23929,0.0
22960,0.0
19651,0.0
27071,0.0
2245,0.0
2928,0.0
8056,0.0
29082,0.0
24162,0.0
26350,0.0
7599,0.0
9574,0.0
24194,0.0
11941,0.0
6821,0.0
16048,0.0
1720,0.0
2746,0.0
12470,0.0
10307,0.0
21449,0.0
16438,0.0
22057,0.0
223,0.0
22044,0.0
18447,0.0
18103,0.0
14743,0.0
6936,0.0
8485,0.0
1775,0.0
551,0.0
30038,0.0
2559,0.0
2273,0.0
28437,0.0
8748,0.0
26598,0.0
12068,0.0
13340,0.0
1416,0.0
25255,0.0
20993,0.0
16227,0.0
8150,0.0
24414,0.0
10297,0.0
7301,0.0
5273,0.0
6034,0.0
22608,0.0
11461,0.0
26492,0.0
21802,0.0
26929,0.0
25393,0.0
27747,0.0
29518,0.0
21719,0.0
24087,0.0
16882,0.0
24974,0.0
1540,0.0
8273,0.0
21313,0.0
750,0.0
11397,0.0
13388,0.0
7418,0.0
4577,0.0
12654,0.0
3313,0.0
3065,0.0
28625,0.0
11227,0.0
9146,0.0
12834,0.0
8701,0.0
10692,0.0
18385,0.0
2376,0.0
7169,0.0
27837,0.0
12529,0.0
13598,0.0
8739,0.0
2772,0.0
10111,0.0
27908,0.0
40,0.0
18295,0.0
24225,0.0
11700,0.0
18668,0.0
3230,0.0
24458,0.0
3032,0.0
28915,0.0
24362,0.0
26437,0.0
23785,0.0
7299,0.0
22682,0.0
22011,0.0
1154,0.0
1184,0.0
9245,0.0
11956,0.0
3332,0.0
2530,0.0
28774,0.0
4521,0.0
22182,0.0
25261,0.0
2962,0.0
25240,0.0
15738,0.0
28803,0.0
23990,0.0
9643,0.0
16433,0.0
14254,0.0
3677,0.0
351,0.0
13740,0.0
19161,0.0
6880,0.0
22426,0.0
25092,0.0
1492,0.0
28184,0.0
6165,0.0
22533,0.0
15014,0.0
16824,0.0
22140,0.0
10040,0.0
9842,0.0
5270,0.0
13293,0.0
10386,0.0
23023,0.0
29901,0.0
29788,0.0
16087,0.0
16045,0.0
14113,0.0
6403,0.0
8542,0.0
24224,0.0
19356,0.0
9065,0.0
13612,0.0
9901,0.0
17840,0.0
9848,0.0
11631,0.0
30193,0.0
19485,0.0
3214,0.0
9652,0.0
30308,0.0
9850,0.0
11257,0.0
1915,0.0
61,0.0
13667,0.0
27443,0.0
29131,0.0
3236,0.0
29688,0.0
25842,0.0
1588,0.0
16777,0.0
1801,0.0
28391,0.0
175,0.0
18932,0.0
5182,0.0
4823,0.0
27116,0.0
20384,0.0
7179,0.0
4523,0.0
6110,0.0
7462,0.0
18063,0.0
4612,0.0
11361,0.0
13152,0.0
29473,0.0
4943,0.0
7353,0.0
9981,0.0
1901,0.0
11319,0.0
30576,0.0
23395,0.0
27699,0.0
18937,0.0
5129,0.0
28425,0.0
27649,0.0
17334,0.0
23060,0.0
9742,0.0
16093,0.0
24257,0.0
252,0.0
29911,0.0
13768,0.0
26720,0.0
25378,0.0
29634,0.0
26259,0.0
12354,0.0
25276,0.0
27289,0.0
13049,0.0
6765,0.0
24880,0.0
16808,0.0
2659,0.0
20678,0.0
5924,0.0
24319,0.0
26398,0.0
19165,0.0
11658,0.0
2078,0.0
2715,0.0
4273,0.0
30059,0.0
24783,0.0
20872,0.0
14027,0.0
22277,0.0
20904,0.0
27639,0.0
17609,0.0
4700,0.0
30599,0.0
11632,0.0
6563,0.0
9996,0.0
8697,0.0
21053,0.0
9903,0.0
6676,0.0
376,0.0
29756,0.0
13924,0.0
23284,0.0
21875,0.0
5434,0.0
1122,0.0
13545,0.0
16683,0.0
6490,0.0
30412,0.0
11136,0.0
27110,0.0
18482,0.0
5412,0.0
16347,0.0
13260,0.0
14219,0.0
16749,0.0
4120,0.0
17672,0.0
8243,0.0
8441,0.0
28007,0.0
6215,0.0
15087,0.0
29458,0.0
26402,0.0
26014,0.0
10840,0.0
15428,0.0
8145,0.0
14549,0.0
19354,0.0
17570,0.0
5306,0.0
1753,0.0
20237,0.0
5750,0.0
10731,0.0
29725,0.0
30294,0.0
2031,0.0
18676,0.0
20096,0.0
29933,0.0
7896,0.0
20292,0.0
15357,0.0
30500,0.0
8736,0.0
15337,0.0
13468,0.0
21100,0.0
19029,0.0
23055,0.0
6696,0.0
9649,0.0
5612,0.0
6999,0.0
9445,0.0
23585,0.0
3251,0.0
19570,0.0
28242,0.0
5083,0.0
26485,0.0
3278,0.0
28238,0.0
15316,0.0
2655,0.0
14820,0.0
10913,0.0
18601,0.0
3578,0.0
23271,0.0
1950,0.0
8200,0.0
4838,0.0
22017,0.0
9624,0.0
24085,0.0
27517,0.0
16947,0.0
3826,0.0
13123,0.0
21568,0.0
808,0.0
18406,0.0
6758,0.0
16710,0.0
24951,0.0
8044,0.0
3752,0.0
22413,0.0
3405,0.0
25602,0.0
16359,0.0
27555,0.0
19292,0.0
12343,0.0
18384,0.0
11809,0.0
18265,0.0
5035,0.0
11236,0.0
29513,0.0
28585,0.0
9930,0.0
29044,0.0
3298,0.0
14513,0.0
13346,0.0
13010,0.0
1642,0.0
9750,0.0
17343,0.0
8338,0.0
3522,0.0
10451,0.0
17039,0.0
3395,0.0
25909,0.0
24659,0.0
5131,0.0
9064,0.0
13604,0.0
6195,0.0
6978,0.0
1698,0.0
6516,0.0
20622,0.0
26270,0.0
11469,0.0
27428,0.0
23854,0.0
10672,0.0
16380,0.0
6791,0.0
14483,0.0
5964,0.0
16154,0.0
4154,0.0
8255,0.0
1910,0.0
23456,0.0
8449,0.0
23034,0.0
21129,0.0
17578,0.0
23443,0.0
22160,0.0
16583,0.0
26321,0.0
15096,0.0
29362,0.0
30331,0.0
15213,0.0
7422,0.0
14065,0.0
17442,0.0
3574,0.0
14240,0.0
16563,0.0
28275,0.0
29058,0.0
14413,0.0
2460,0.0
28430,0.0
26153,0.0
14796,0.0
23548,0.0
12494,0.0
24366,0.0
14674,0.0
7385,0.0
25329,0.0
5104,0.0
19877,0.0
14256,0.0
28041,0.0
11927,0.0
28021,0.0
4158,0.0
8981,0.0
16273,0.0
21424,0.0
8040,0.0
10975,0.0
18746,0.0
22856,0.0
16373,0.0
23752,0.0
20736,0.0
19318,0.0
1937,0.0
5959,0.0
10542,0.0
18135,0.0
15195,0.0
14409,0.0
16470,0.0
29406,0.0
548,0.0
7943,0.0
24560,0.0
5538,0.0
6094,0.0
4339,0.0
30180,0.0
12030,0.0
11382,0.0
29654,0.0
19703,0.0
3860,0.0
12145,0.0
10932,0.0
24434,0.0
4891,0.0
21068,0.0
1877,0.0
16992,0.0
14402,0.0
23158,0.0
19179,0.0
5352,0.0
7296,0.0
4046,0.0
28597,0.0
23130,0.0
1012,0.0
22066,0.0
21597,0.0
13972,0.0
17739,0.0
22201,0.0
23448,0.0
3401,0.0
1662,0.0
19907,0.0
151,0.0
4504,0.0
17988,0.0
23909,0.0
16929,0.0
11647,0.0
7752,0.0
8468,0.0
9294,0.0
18911,0.0
28183,0.0
3274,0.0
3607,0.0
27298,0.0
30141,0.0
29521,0.0
28942,0.0
17060,0.0
26726,0.0
13630,0.0
26096,0.0
19982,0.0
17766,0.0
19001,0.0
8872,0.0
5237,0.0
15907,0.0
14826,0.0
17784,0.0
4646,0.0
11464,0.0
26672,0.0
13426,0.0
5632,0.0
29886,0.0
25529,0.0
10680,0.0
27310,0.0
9966,0.0
4109,0.0
25614,0.0
23201,0.0
2329,0.0
12337,0.0
8493,0.0
10818,0.0
11529,0.0
26900,0.0
18874,0.0
21074,0.0
11804,0.0
30677,0.0
13407,0.0
28900,0.0
9204,0.0
19274,0.0
21827,0.0
10838,0.0
11637,0.0
18115,0.0
23287,0.0
26345,0.0
15998,0.0
7486,0.0
18207,0.0
21462,0.0
6631,0.0
26906,0.0
21143,0.0
23516,0.0
9218,0.0
18899,0.0
13273,0.0
29767,0.0
8499,0.0
9312,0.0
16360,0.0
19598,0.0
10150,0.0
24981,0.0
5401,0.0
1601,0.0
8515,0.0
22081,0.0
2703,0.0
20235,0.0
8986,0.0
22592,0.0
7831,0.0
209,0.0
27754,0.0
6438,0.0
2790,0.0
18756,0.0
7548,0.0
5775,0.0
28301,0.0
19682,0.0
29996,0.0
7716,0.0
19909,0.0
1677,0.0
23840,0.0
23116,0.0
23137,0.0
19646,0.0
3597,0.0
9168,0.0
25451,0.0
28323,0.0
3681,0.0
29471,0.0
18159,0.0
7976,0.0
20483,0.0
25812,0.0
18071,0.0
23804,0.0
26542,0.0
3026,0.0
19672,0.0
14994,0.0
14390,0.0
11862,0.0
6924,0.0
13985,0.0
28811,0.0
2887,0.0
12341,0.0
1232,0.0
10483,0.0
21500,0.0
9062,0.0
5899,0.0
16155,0.0
775,0.0
2766,0.0
18041,0.0
15235,0.0
10044,0.0
6554,0.0
17951,0.0
6712,0.0
4419,0.0
4256,0.0
25161,0.0
24122,0.0
29858,0.0
30336,0.0
24843,0.0
27895,0.0
13528,0.0
2822,0.0
336,0.0
22110,0.0
16052,0.0
13244,0.0
27637,0.0
1941,0.0
17933,0.0
9397,0.0
28670,0.0
5705,0.0
10683,0.0
25851,0.0
8664,0.0
23629,0.0
30385,0.0
24777,0.0
19581,0.0
1347,0.0
2672,0.0
2416,0.0
12800,0.0
23314,0.0
23383,0.0
443,0.0
14831,0.0
23420,0.0
8989,0.0
25133,0.0
19721,0.0
28193,0.0
4032,0.0
14789,0.0
2453,0.0
23002,0.0
12213,0.0
27920,0.0
10423,0.0
1685,0.0
14755,0.0
26201,0.0
3951,0.0
15549,0.0
1896,0.0
4018,0.0
23221,0.0
23244,0.0
13619,0.0
1397,0.0
16205,0.0
22670,0.0
27150,0.0
8340,0.0
6628,0.0
4014,0.0
28669,0.0
29306,0.0
13126,0.0
1786,0.0
1846,0.0
11620,0.0
1284,0.0
18448,0.0
29737,0.0
16686,0.0
12036,0.0
6835,0.0
10930,0.0
9711,0.0
24557,0.0
24356,0.0
20436,0.0
4884,0.0
27194,0.0
29782,0.0
11613,0.0
5335,0.0
17400,0.0
18683,0.0
10655,0.0
21743,0.0
4147,0.0
3003,0.0
28276,0.0
26208,0.0
18226,0.0
11644,0.0
926,0.0
5636,0.0
26138,0.0
7057,0.0
8373,0.0
11583,0.0
7064,0.0
24631,0.0
3884,0.0
13601,0.0
41,0.0
28223,0.0
26118,0.0
24835,0.0
20508,0.0
21317,0.0
2568,0.0
27638,0.0
5121,0.0
8277,0.0
641,0.0
4957,0.0
1132,0.0
11287,0.0
27506,0.0
10338,0.0
4579,0.0
30494,0.0
1994,0.0
17320,0.0
11174,0.0
16909,0.0
7443,0.0
10700,0.0
28637,0.0
10326,0.0
22690,0.0
129,0.0
17818,0.0
7875,0.0
18803,0.0
1851,0.0
9283,0.0
11690,0.0
21461,0.0
11168,0.0
2125,0.0
28828,0.0
2038,0.0
16709,0.0
14008,0.0
28078,0.0
8193,0.0
18184,0.0
20955,0.0
21711,0.0
5782,0.0
21664,0.0
25955,0.0
13100,0.0
20398,0.0
24286,0.0
3421,0.0
20089,0.0
11530,0.0
786,0.0
14823,0.0
17140,0.0
28395,0.0
15897,0.0
29670,0.0
18499,0.0
26729,0.0
8438,0.0
29846,0.0
22564,0.0
26194,0.0
23351,0.0
2606,0.0
663,0.0
22442,0.0
12044,0.0
22043,0.0
26641,0.0
6151,0.0
26324,0.0
2228,0.0
16307,0.0
5168,0.0
18827,0.0
26365,0.0
10057,0.0
17376,0.0
16073,0.0
12591,0.0
13511,0.0
12461,0.0
11856,0.0
387,0.0
16921,0.0
27844,0.0
9431,0.0
414,0.0
2001,0.0
24283,0.0
6090,0.0
22561,0.0
12175,0.0
25797,0.0
816,0.0
10019,0.0
26005,0.0
10165,0.0
14157,0.0
30199,0.0
20342,0.0
10047,0.0
15611,0.0
17017,0.0
11386,0.0
4129,0.0
13878,0.0
22206,0.0
9278,0.0
19571,0.0
3996,0.0
3277,0.0
15663,0.0
7386,0.0
1814,0.0
19065,0.0
18431,0.0
14443,0.0
3913,0.0
24146,0.0
9407,0.0
25076,0.0
12582,0.0
27697,0.0
3897,0.0
29932,0.0
25299,0.0
27578,0.0
9773,0.0
22903,0.0
25011,0.0
14087,0.0
3786,0.0
9208,0.0
23261,0.0
26261,0.0
25266,0.0
29189,0.0
1702,0.0
18616,0.0
24406,0.0
4903,0.0
27271,0.0
5717,0.0
11714,0.0
21008,0.0
7766,0.0
9252,0.0
23812,0.0
5930,0.0
7543,0.0
6320,0.0
19012,0.0
22285,0.0
3659,0.0
20569,0.0
881,0.0
24739,0.0
12195,0.0
30423,0.0
26375,0.0
17800,0.0
9051,0.0
7656,0.0
3210,0.0
25661,0.0
12634,0.0
29790,0.0
1654,0.0
14647,0.0
7012,0.0
27118,0.0
28453,0.0
26730,0.0
10137,0.0
24334,0.0
28496,0.0
27211,0.0
5152,0.0
1086,0.0
20826,0.0
5068,0.0
25978,0.0
7601,0.0
26653,0.0
25313,0.0
19986,0.0
18984,0.0
22265,0.0
5006,0.0
5212,0.0
12613,0.0
3231,0.0
5258,0.0
4422,0.0
10677,0.0
25060,0.0
11255,0.0
12389,0.0
26428,0.0
2853,0.0
10280,0.0
4423,0.0
15555,0.0
24232,0.0
2866,0.0
18735,0.0
20005,0.0
17073,0.0
15879,0.0
18248,0.0
17646,0.0
4159,0.0
5607,0.0
3226,0.0
9874,0.0
19444,0.0
25736,0.0
1441,0.0
7281,0.0
22007,0.0
3404,0.0
11740,0.0
17896,0.0
21097,0.0
18045,0.0
25897,0.0
712,0.0
17803,0.0
27773,0.0
26180,0.0
18989,0.0
11147,0.0
12187,0.0
22785,0.0
1027,0.0
2288,0.0
9531,0.0
28258,0.0
29129,0.0
26629,0.0
14834,0.0
10197,0.0
9892,0.0
28554,0.0
16483,0.0
6381,0.0
58,0.0
3331,0.0
16828,0.0
29527,0.0
4515,0.0
5469,0.0
20510,0.0
21091,0.0
12268,0.0
16056,0.0
11108,0.0
687,0.0
7534,0.0
14790,0.0
9872,0.0
7464,0.0
7268,0.0
8699,0.0
244,0.0
19685,0.0
16371,0.0
24937,0.0
13483,0.0
2426,0.0
27913,0.0
8097,0.0
20348,0.0
12538,0.0
22928,0.0
17461,0.0
6550,0.0
25018,0.0
29658,0.0
9424,0.0
2671,0.0
1460,0.0
24058,0.0
6789,0.0
11748,0.0
7861,0.0
25863,0.0
20649,0.0
29776,0.0
1621,0.0
11446,0.0
17301,0.0
17227,0.0
29556,0.0
4416,0.0
24302,0.0
11322,0.0
23680,0.0
25142,0.0
28926,0.0
23829,0.0
26076,0.0
17664,0.0
8902,0.0
27541,0.0
1273,0.0
24597,0.0
18610,0.0
29605,0.0
15712,0.0
24415,0.0
10500,0.0
15083,0.0
23731,0.0
1000,0.0
24997,0.0
21450,0.0
15005,0.0
15315,0.0
5693,0.0
9967,0.0
24960,0.0
22993,0.0
12401,0.0
18372,0.0
6802,0.0
3631,0.0
25615,0.0
23208,0.0
9913,0.0
24417,0.0
2393,0.0
9313,0.0
3078,0.0
26667,0.0
17502,0.0
2778,0.0
1084,0.0
23369,0.0
14450,0.0
15471,0.0
30108,0.0
8819,0.0
7058,0.0
90,0.0
16704,0.0
4096,0.0
29384,0.0
29387,0.0
13111,0.0
19225,0.0
6666,0.0
8249,0.0
2418,0.0
26556,0.0
11513,0.0
26540,0.0
16159,0.0
3635,0.0
17979,0.0
16505,0.0
15110,0.0
14213,0.0
25862,0.0
5939,0.0
2151,0.0
2121,0.0
453,0.0
865,0.0
374,0.0
19599,0.0
11231,0.0
28671,0.0
17914,0.0
29916,0.0
22478,0.0
23131,0.0
9783,0.0
17411,0.0
29431,0.0
3614,0.0
15592,0.0
4362,0.0
12201,0.0
27865,0.0
18873,0.0
30188,0.0
17274,0.0
15040,0.0
5979,0.0
27912,0.0
29633,0.0
24198,0.0
29418,0.0
4299,0.0
3435,0.0
19911,0.0
10151,0.0
13509,0.0
14474,0.0
24357,0.0
18912,0.0
1556,0.0
8859,0.0
10791,0.0
20958,0.0
14786,0.0
25411,0.0
15473,0.0
416,0.0
25670,0.0
7008,0.0
3097,0.0
7037,0.0
13358,0.0
27898,0.0
22449,0.0
15675,0.0
7086,0.0
6255,0.0
11799,0.0
22015,0.0
2997,0.0
1406,0.0
5109,0.0
20698,0.0
30368,0.0
23337,0.0
16222,0.0
14260,0.0
16343,0.0
18111,0.0
19346,0.0
10946,0.0
23279,0.0
13101,0.0
11141,0.0
28616,0.0
25277,0.0
4967,0.0
18254,0.0
12875,0.0
24909,0.0
21451,0.0
17025,0.0
19723,0.0
21863,0.0
18229,0.0
3767,0.0
5011,0.0
12087,0.0
16213,0.0
9687,0.0
12535,0.0
21308,0.0
2971,0.0
26491,0.0
7096,0.0
8206,0.0
4271,0.0
17809,0.0
26874,0.0
5978,0.0
4195,0.0
25182,0.0
5132,0.0
9620,0.0
72,0.0
25910,0.0
3379,0.0
14049,0.0
29211,0.0
557,0.0
7105,0.0
18492,0.0
15578,0.0
20712,0.0
14172,0.0
4206,0.0
11562,0.0
7345,0.0
6122,0.0
14389,0.0
11187,0.0
21089,0.0
22531,0.0
15568,0.0
3389,0.0
5314,0.0
23574,0.0
1077,0.0
17482,0.0
10041,0.0
7664,0.0
14037,0.0
12181,0.0
7221,0.0
5280,0.0
24587,0.0
19474,0.0
7411,0.0
25156,0.0
27130,0.0
3830,0.0
6016,0.0
5996,0.0
6004,0.0
25599,0.0
10058,0.0
29067,0.0
15988,0.0
14028,0.0
13702,0.0
28905,0.0
10901,0.0
18060,0.0
24746,0.0
15494,0.0
18790,0.0
25537,0.0
28775,0.0
25205,0.0
23361,0.0
20743,0.0
16419,0.0
21179,0.0
22320,0.0
9908,0.0
5177,0.0
15205,0.0
27016,0.0
6472,0.0
3196,0.0
27386,0.0
2477,0.0
25854,0.0
4101,0.0
18473,0.0
21231,0.0
24970,0.0
14648,0.0
11491,0.0
12956,0.0
2650,0.0
18465,0.0
21939,0.0
23200,0.0
24551,0.0
4280,0.0
10263,0.0
15670,0.0
20001,0.0
28032,0.0
23578,0.0
25216,0.0
12362,0.0
4446,0.0
26953,0.0
4849,0.0
23509,0.0
30004,0.0
450,0.0
1179,0.0
4977,0.0
12306,0.0
20747,0.0
5028,0.0
6503,0.0
20783,0.0
2236,0.0
30164,0.0
5763,0.0
17095,0.0
7726,0.0
3207,0.0
27727,0.0
25541,0.0
16702,0.0
22381,0.0
9960,0.0
7199,0.0
22777,0.0
30112,0.0
530,0.0
10756,0.0
9247,0.0
9285,0.0
25749,0.0
30033,0.0
3920,0.0
7475,0.0
437,0.0
26095,0.0
30206,0.0
29897,0.0
15656,0.0
9522,0.0
1577,0.0
2779,0.0
25307,0.0
23473,0.0
4996,0.0
1566,0.0
2105,0.0
25146,0.0
23550,0.0
15714,0.0
27220,0.0
1678,0.0
11148,0.0
9849,0.0
23222,0.0
19132,0.0
11821,0.0
14774,0.0
2373,0.0
10837,0.0
21577,0.0
372,0.0
12755,0.0
75,0.0
19049,0.0
12270,0.0
25491,0.0
11794,0.0
13431,0.0
1821,0.0
6553,0.0
29860,0.0
18997,0.0
29134,0.0
5719,0.0
21571,0.0
25881,0.0
1517,0.0
13834,0.0
10073,0.0
11485,0.0
10924,0.0
13429,0.0
5107,0.0
14891,0.0
23460,0.0
27603,0.0
9985,0.0
12104,0.0
29422,0.0
1062,0.0
10081,0.0
7300,0.0
3755,0.0
17508,0.0
13373,0.0
13085,0.0
20511,0.0
383,0.0
9330,0.0
28420,0.0
10690,0.0
2212,0.0
9638,0.0
29244,0.0
9405,0.0
12583,0.0
3362,0.0
872,0.0
11713,0.0
12619,0.0
26030,0.0
27855,0.0
6860,0.0
8497,0.0
10943,0.0
6606,0.0
9123,0.0
22122,0.0
29321,0.0
7469,0.0
24207,0.0
11693,0.0
10989,0.0
14453,0.0
3131,0.0
16455,0.0
6959,0.0
20658,0.0
25136,0.0
10329,0.0
24253,0.0
7993,0.0
17193,0.0
7552,0.0
22502,0.0
8924,0.0
6049,0.0
28932,0.0
4266,0.0
27264,0.0
9507,0.0
21602,0.0
18193,0.0
11876,0.0
6436,0.0
17656,0.0
26835,0.0
20973,0.0
4531,0.0
28830,0.0
24350,0.0
15966,0.0
17685,0.0
1337,0.0
7645,0.0
26012,0.0
13747,0.0
25929,0.0
15979,0.0
24685,0.0
15348,0.0
577,0.0
16298,0.0
12212,0.0
28787,0.0
16750,0.0
455,0.0
21058,0.0
30103,0.0
20542,0.0
25860,0.0
13283,0.0
15061,0.0
10929,0.0
28865,0.0
24521,0.0
483,0.0
14142,0.0
1520,0.0
28097,0.0
5056,0.0
26293,0.0
3018,0.0
19809,0.0
9546,0.0
29539,0.0
1608,0.0
25305,0.0
30427,0.0
25469,0.0
2657,0.0
23936,0.0
24932,0.0
3303,0.0
30678,0.0
2464,0.0
6654,0.0
25063,0.0
17104,0.0
567,0.0
18212,0.0
25963,0.0
13005,0.0
27942,0.0
8021,0.0
11248,0.0
27290,0.0
27884,0.0
4869,0.0
20516,0.0
26483,0.0
12823,0.0
24164,0.0
23041,0.0
4449,0.0
13061,0.0
22659,0.0
8465,0.0
15707,0.0
25540,0.0
4075,0.0
6806,0.0
1242,0.0
17016,0.0
17177,0.0
16766,0.0
7155,0.0
24518,0.0
26257,0.0
21226,0.0
16010,0.0
21290,0.0
19590,0.0
2843,0.0
23525,0.0
17226,0.0
22645,0.0
14119,0.0
22432,0.0
4810,0.0
9126,0.0
23925,0.0
17356,0.0
22998,0.0
6532,0.0
13059,0.0
1294,0.0
13269,0.0
6551,0.0
22528,0.0
27546,0.0
24466,0.0
25410,0.0
7561,0.0
10908,0.0
23972,0.0
19971,0.0
29622,0.0
26670,0.0
10885,0.0
14761,0.0
3587,0.0
27991,0.0
14207,0.0
19704,0.0
13096,0.0
20249,0.0
20648,0.0
5070,0.0
1513,0.0
30507,0.0
12730,0.0
15390,0.0
8931,0.0
24099,0.0
29602,0.0
13614,0.0
20895,0.0
7679,0.0
8081,0.0
29003,0.0
23256,0.0
11226,0.0
16081,0.0
5018,0.0
12978,0.0
24914,0.0
1886,0.0
16832,0.0
23459,0.0
18179,0.0
5929,0.0
7793,0.0
15669,0.0
1724,0.0
5360,0.0
3675,0.0
2754,0.0
4298,0.0
1495,0.0
5880,0.0
27187,0.0
21740,0.0
8192,0.0
10986,0.0
24030,0.0
22598,0.0
791,0.0
27300,0.0
12708,0.0
24445,0.0
11962,0.0
6867,0.0
16606,0.0
13391,0.0
26202,0.0
15691,0.0
971,0.0
6605,0.0
15638,0.0
29762,0.0
26879,0.0
29683,0.0
5215,0.0
5624,0.0
21847,0.0
2831,0.0
2483,0.0
25489,0.0
23911,0.0
3807,0.0
14380,0.0
18625,0.0
11395,0.0
28984,0.0
27854,0.0
20022,0.0
1477,0.0
22518,0.0
19578,0.0
7866,0.0
8685,0.0
4019,0.0
6755,0.0
10193,0.0
17266,0.0
17132,0.0
29083,0.0
19427,0.0
17080,0.0
19164,0.0
18381,0.0
537,0.0
18345,0.0
1317,0.0
23150,0.0
6262,0.0
4194,0.0
5916,0.0
25861,0.0
25708,0.0
22973,0.0
4737,0.0
2756,0.0
14635,0.0
14075,0.0
23584,0.0
6602,0.0
5424,0.0
17694,0.0
29532,0.0
19024,0.0
27617,0.0
9839,0.0
5433,0.0
7165,0.0
6060,0.0
25419,0.0
8470,0.0
4566,0.0
5307,0.0
8832,0.0
7859,0.0
30551,0.0
20571,0.0
13854,0.0
23211,0.0
1214,0.0
19658,0.0
30627,0.0
6420,0.0
4894,0.0
13721,0.0
22871,0.0
9898,0.0
18526,0.0
9779,0.0
7637,0.0
20933,0.0
16092,0.0
25440,0.0
24186,0.0
23868,0.0
7408,0.0
26750,0.0
21045,0.0
20379,0.0
14624,0.0
3930,0.0
12848,0.0
14530,0.0
6389,0.0
841,0.0
14638,0.0
10029,0.0
21372,0.0
29105,0.0
16537,0.0
12380,0.0
18691,0.0
29644,0.0
4766,0.0
24274,0.0
21931,0.0
24238,0.0
29784,0.0
2307,0.0
17605,0.0
23520,0.0
14605,0.0
14106,0.0
28246,0.0
25207,0.0
21547,0.0
9677,0.0
12381,0.0
7635,0.0
30083,0.0
7612,0.0
26826,0.0
13088,0.0
11512,0.0
6211,0.0
16602,0.0
20709,0.0
17368,0.0
13339,0.0
10592,0.0
25245,0.0
25145,0.0
17568,0.0
6019,0.0
1691,0.0
17148,0.0
6741,0.0
9021,0.0
20372,0.0
834,0.0
26381,0.0
21855,0.0
27890,0.0
19548,0.0
12996,0.0
15914,0.0
15017,0.0
3203,0.0
11087,0.0
20898,0.0
17341,0.0
26463,0.0
4898,0.0
2349,0.0
18699,0.0
12110,0.0
19550,0.0
6074,0.0
5497,0.0
28215,0.0
29726,0.0
12547,0.0
6574,0.0
26724,0.0
11205,0.0
21851,0.0
27776,0.0
29267,0.0
18095,0.0
7681,0.0
21322,0.0
28658,0.0
23915,0.0
2806,0.0
6352,0.0
19351,0.0
7949,0.0
19617,0.0
7715,0.0
25896,0.0
25384,0.0
7247,0.0
16223,0.0
9984,0.0
6728,0.0
25239,0.0
10591,0.0
13575,0.0
9045,0.0
27502,0.0
10291,0.0
27456,0.0
11250,0.0
1452,0.0
11544,0.0
10096,0.0
5252,0.0
753,0.0
21675,0.0
16411,0.0
410,0.0
5468,0.0
1145,0.0
17546,0.0
23687,0.0
10709,0.0
3184,0.0
12296,0.0
15322,0.0
14551,0.0
4274,0.0
1240,0.0
23746,0.0
7813,0.0
19392,0.0
860,0.0
10252,0.0
4907,0.0
4755,0.0
3978,0.0
13160,0.0
7331,0.0
18674,0.0
4013,0.0
16881,0.0
8526,0.0
22004,0.0
4326,0.0
8877,0.0
13369,0.0
15693,0.0
2380,0.0
13374,0.0
4184,0.0
1948,0.0
22720,0.0
16372,0.0
25880,0.0
6797,0.0
22577,0.0
30026,0.0
21274,0.0
8172,0.0
7804,0.0
6909,0.0
3898,0.0
3124,0.0
22435,0.0
22062,0.0
2744,0.0
25845,0.0
26142,0.0
26327,0.0
29615,0.0
10345,0.0
13597,0.0
25711,0.0
11848,0.0
7053,0.0
2249,0.0
30645,0.0
24275,0.0
22794,0.0
13750,0.0
4062,0.0
23743,0.0
27087,0.0
12375,0.0
15740,0.0
6383,0.0
18290,0.0
14193,0.0
7646,0.0
30390,0.0
14862,0.0
24254,0.0
21201,0.0
7933,0.0
21192,0.0
8653,0.0
3887,0.0
20013,0.0
12255,0.0
19689,0.0
25835,0.0
24526,0.0
17681,0.0
15921,0.0
30659,0.0
17585,0.0
13751,0.0
13882,0.0
6296,0.0
726,0.0
4398,0.0
10299,0.0
2261,0.0
10262,0.0
18286,0.0
482,0.0
14685,0.0
24124,0.0
19013,0.0
11625,0.0
30251,0.0
26296,0.0
25374,0.0
1459,0.0
623,0.0
24221,0.0
8455,0.0
10027,0.0
6264,0.0
18412,0.0
7495,0.0
3392,0.0
25007,0.0
19178,0.0
21445,0.0
29368,0.0
21182,0.0
17867,0.0
218,0.0
16718,0.0
3474,0.0
15878,0.0
18701,0.0
25549,0.0
7553,0.0
17618,0.0
15376,0.0
17910,0.0
2980,0.0
3726,0.0
9041,0.0
28840,0.0
5643,0.0
13735,0.0
5296,0.0
1870,0.0
1600,0.0
12332,0.0
3822,0.0
320,0.0
23294,0.0
22375,0.0
15123,0.0
19415,0.0
9219,0.0
18726,0.0
21603,0.0
10632,0.0
14896,0.0
25776,0.0
2512,0.0
20058,0.0
106,0.0
28618,0.0
30165,0.0
18741,0.0
6599,0.0
30663,0.0
24424,0.0
15082,0.0
26093,0.0
24178,0.0
30436,0.0
21806,0.0
5653,0.0
26109,0.0
5834,0.0
20615,0.0
21677,0.0
19232,0.0
21651,0.0
5512,0.0
17504,0.0
9786,0.0
15085,0.0
6923,0.0
9043,0.0
6117,0.0
500,0.0
22677,0.0
23046,0.0
13008,0.0
16071,0.0
28075,0.0
968,0.0
21366,0.0
3965,0.0
17081,0.0
27632,0.0
21335,0.0
3697,0.0
27511,0.0
24818,0.0
21920,0.0
9826,0.0
26046,0.0
7312,0.0
21829,0.0
30020,0.0
8936,0.0
28946,0.0
18511,0.0
17406,0.0
10286,0.0
4265,0.0
12695,0.0
19366,0.0
3088,0.0
22021,0.0
27849,0.0
7497,0.0
3700,0.0
6510,0.0
6663,0.0
18064,0.0
2196,0.0
15422,0.0
2583,0.0
13805,0.0
19307,0.0
28219,0.0
3295,0.0
24453,0.0
27238,0.0
23012,0.0
10625,0.0
11793,0.0
30550,0.0
29890,0.0
27267,0.0
21054,0.0
8174,0.0
17815,0.0
14622,0.0
28903,0.0
25080,0.0
16040,0.0
28200,0.0
23612,0.0
14151,0.0
29618,0.0
14741,0.0
1712,0.0
14189,0.0
24841,0.0
22808,0.0
20445,0.0
8757,0.0
20491,0.0
21460,0.0
12386,0.0
11311,0.0
22570,0.0
3833,0.0
25495,0.0
9593,0.0
4228,0.0
9137,0.0
1396,0.0
19219,0.0
20910,0.0
23862,0.0
21825,0.0
16319,0.0
29718,0.0
30475,0.0
22902,0.0
25544,0.0
1421,0.0
7114,0.0
16894,0.0
14671,0.0
25937,0.0
650,0.0
28270,0.0
18788,0.0
23198,0.0
5742,0.0
1431,0.0
26936,0.0
11274,0.0
21125,0.0
4583,0.0
21278,0.0
4455,0.0
14612,0.0
24785,0.0
21900,0.0
26102,0.0
22185,0.0
27411,0.0
25728,0.0
12918,0.0
5338,0.0
26962,0.0
26107,0.0
1868,0.0
7911,0.0
26127,0.0
5027,0.0
9780,0.0
25371,0.0
25650,0.0
20631,0.0
982,0.0
20069,0.0
8227,0.0
883,0.0
20551,0.0
14854,0.0
18976,0.0
27413,0.0
3899,0.0
6861,0.0
15225,0.0
28297,0.0
5228,0.0
2558,0.0
27519,0.0
1881,0.0
10752,0.0
9410,0.0
7620,0.0
8754,0.0
8475,0.0
20102,0.0
24080,0.0
25832,0.0
25758,0.0
27314,0.0
16681,0.0
11426,0.0
22068,0.0
19305,0.0
24864,0.0
15706,0.0
15220,0.0
23277,0.0
27452,0.0
2641,0.0
5005,0.0
4582,0.0
29112,0.0
8684,0.0
4414,0.0
11214,0.0
3042,0.0
22195,0.0
1587,0.0
27058,0.0
7736,0.0
18580,0.0
23895,0.0
16324,0.0
8128,0.0
5544,0.0
24727,0.0
6888,0.0
2142,0.0
15035,0.0
18849,0.0
9688,0.0
8760,0.0
15228,0.0
17380,0.0
14734,0.0
19554,0.0
6585,0.0
26582,0.0
29457,0.0
8764,0.0
409,0.0
18843,0.0
30037,0.0
30589,0.0
4150,0.0
19093,0.0
5695,0.0
15472,0.0
5663,0.0
26931,0.0
13202,0.0
2020,0.0
8111,0.0
24007,0.0
9672,0.0
12533,0.0
8622,0.0
4947,0.0
15278,0.0
13288,0.0
13220,0.0
25323,0.0
853,0.0
6298,0.0
29761,0.0
17679,0.0
28710,0.0
20030,0.0
27838,0.0
22666,0.0
26815,0.0
4411,0.0
28713,0.0
22649,0.0
11247,0.0
18543,0.0
13399,0.0
8725,0.0
24957,0.0
4091,0.0
24794,0.0
15545,0.0
7043,0.0
12063,0.0
3748,0.0
7694,0.0
21777,0.0
30359,0.0
2452,0.0
7764,0.0
23300,0.0
6027,0.0
29695,0.0
17533,0.0
5072,0.0
27843,0.0
4358,0.0
311,0.0
2600,0.0
15187,0.0
9576,0.0
24272,0.0
10593,0.0
17839,0.0
11623,0.0
18362,0.0
24351,0.0
26059,0.0
23059,0.0
23560,0.0
27404,0.0
569,0.0
11180,0.0
425,0.0
4447,0.0
9378,0.0
13325,0.0
11437,0.0
19071,0.0
12540,0.0
28434,0.0
2990,0.0
26413,0.0
29842,0.0
11404,0.0
28736,0.0
7814,0.0
2896,0.0
13493,0.0
20382,0.0
30218,0.0
29177,0.0
19989,0.0
30063,0.0
16316,0.0
12995,0.0
18928,0.0
4236,0.0
18604,0.0
16608,0.0
17562,0.0
15385,0.0
26170,0.0
913,0.0
25139,0.0
961,0.0
15257,0.0
399,0.0
9111,0.0
20840,0.0
20002,0.0
23571,0.0
18437,0.0
4397,0.0
27159,0.0
19804,0.0
1269,0.0
3999,0.0
17781,0.0
9493,0.0
19125,0.0
15174,0.0
14954,0.0
13571,0.0
2333,0.0
10454,0.0
3809,0.0
4803,0.0
2014,0.0
10679,0.0
10980,0.0
10485,0.0
3857,0.0
3467,0.0
15351,0.0
13289,0.0
17456,0.0
21438,0.0
24640,0.0
26753,0.0
21605,0.0
2428,0.0
16445,0.0
23009,0.0
17474,0.0
5692,0.0
22832,0.0
3008,0.0
27671,0.0
15743,0.0
127,0.0
29904,0.0
8920,0.0
168,0.0
12419,0.0
27676,0.0
270,0.0
2169,0.0
3348,0.0
20232,0.0
17371,0.0
23019,0.0
2306,0.0
14783,0.0
28382,0.0
29301,0.0
15360,0.0
27244,0.0
10026,0.0
24285,0.0
29907,0.0
20804,0.0
22615,0.0
28451,0.0
9784,0.0
7889,0.0
21706,0.0
15991,0.0
2384,0.0
14951,0.0
10942,0.0
11675,0.0
27193,0.0
2893,0.0
29988,0.0
1780,0.0
9036,0.0
15874,0.0
8746,0.0
3240,0.0
21269,0.0
10915,0.0
2938,0.0
11710,0.0
3950,0.0
23642,0.0
4181,0.0
994,0.0
4759,0.0
20815,0.0
28465,0.0
16253,0.0
5362,0.0
9774,0.0
12279,0.0
19104,0.0
9053,0.0
12482,0.0
25684,0.0
10540,0.0
26475,0.0
18007,0.0
13262,0.0
11095,0.0
28396,0.0
6579,0.0
29142,0.0
4071,0.0
21563,0.0
23032,0.0
16927,0.0
28116,0.0
25519,0.0
21988,0.0
26985,0.0
30579,0.0
13459,0.0
13709,0.0
22911,0.0
25184,0.0
13364,0.0
19443,0.0
16850,0.0
13044,0.0
11938,0.0
19934,0.0
419,0.0
14316,0.0
26789,0.0
16975,0.0
17006,0.0
25919,0.0
14458,0.0
5096,0.0
12139,0.0
15695,0.0
23508,0.0
4241,0.0
18712,0.0
19089,0.0
29573,0.0
12864,0.0
21830,0.0
28091,0.0
13955,0.0
29249,0.0
24142,0.0
9605,0.0
25526,0.0
8712,0.0
18185,0.0
24199,0.0
17967,0.0
1487,0.0
25019,0.0
4717,0.0
26348,0.0
2472,0.0
350,0.0
10360,0.0
25314,0.0
7472,0.0
18591,0.0
21551,0.0
20422,0.0
5044,0.0
19567,0.0
17028,0.0
15159,0.0
20921,0.0
26712,0.0
28204,0.0
19542,0.0
6610,0.0
27037,0.0
13382,0.0
24156,0.0
15387,0.0
16396,0.0
5572,0.0
22760,0.0
28726,0.0
23838,0.0
30332,0.0
7184,0.0
9075,0.0
28497,0.0
8696,0.0
22396,0.0
4809,0.0
2807,0.0
29537,0.0
30309,0.0
4626,0.0
23790,0.0
17700,0.0
13352,0.0
20464,0.0
12674,0.0
11417,0.0
20099,0.0
1670,0.0
15763,0.0
30315,0.0
11776,0.0
19940,0.0
10024,0.0
30449,0.0
10363,0.0
2098,0.0
20607,0.0
9326,0.0
18012,0.0
1472,0.0
23216,0.0
23327,0.0
12815,0.0
17752,0.0
15890,0.0
5263,0.0
2660,0.0
4487,0.0
3325,0.0
3177,0.0
5615,0.0
10684,0.0
11109,0.0
19365,0.0
3936,0.0
7556,0.0
20513,0.0
11737,0.0
24940,0.0
20356,0.0
28685,0.0
12653,0.0
17631,0.0
10395,0.0
18566,0.0
11402,0.0
17437,0.0
7618,0.0
10127,0.0
11076,0.0
12681,0.0
23194,0.0
7396,0.0
21429,0.0
19273,0.0
8574,0.0
17431,0.0
14112,0.0
17822,0.0
11805,0.0
20651,0.0
10409,0.0
14978,0.0
27440,0.0
6604,0.0
9699,0.0
22511,0.0
28556,0.0
16245,0.0
11164,0.0
26065,0.0
21894,0.0
1286,0.0
12492,0.0
7376,0.0
30126,0.0
26070,0.0
3802,0.0
25431,0.0
12281,0.0
17720,0.0
2536,0.0
14144,0.0
12471,0.0
7373,0.0
4142,0.0
29949,0.0
28813,0.0
20884,0.0
18747,0.0
29469,0.0
12324,0.0
2813,0.0
22632,0.0
7994,0.0
21512,0.0
4191,0.0
5275,0.0
709,0.0
4944,0.0
7508,0.0
6067,0.0
19120,0.0
1053,0.0
13402,0.0
7427,0.0
2915,0.0
23382,0.0
26968,0.0
29045,0.0
28351,0.0
23370,0.0
10479,0.0
20471,0.0
23663,0.0
30591,0.0
26597,0.0
27431,0.0
23186,0.0
677,0.0
22784,0.0
16547,0.0
6000,0.0
5300,0.0
16561,0.0
16761,0.0
6208,0.0
15396,0.0
1095,0.0
14327,0.0
2209,0.0
598,0.0
20574,0.0
25872,0.0
23172,0.0
12801,0.0
3333,0.0
17396,0.0
12085,0.0
15212,0.0
22078,0.0
7809,0.0
11526,0.0
15105,0.0
13454,0.0
3195,0.0
5418,0.0
26690,0.0
23831,0.0
21824,0.0
12664,0.0
14391,0.0
5437,0.0
29624,0.0
11950,0.0
2620,0.0
16029,0.0
9345,0.0
10985,0.0
21446,0.0
1081,0.0
16031,0.0
26917,0.0
603,0.0
16209,0.0
17145,0.0
2498,0.0
12446,0.0
26954,0.0
4157,0.0
8908,0.0
305,0.0
20004,0.0
14294,0.0
9138,0.0
7802,0.0
15557,0.0
17777,0.0
15635,0.0
30081,0.0
14655,0.0
16778,0.0
6072,0.0
26082,0.0
29307,0.0
1488,0.0
18404,0.0
3543,0.0
318,0.0
27660,0.0
24896,0.0
27653,0.0
1308,0.0
5116,0.0
15022,0.0
27152,0.0
28961,0.0
13922,0.0
28542,0.0
22900,0.0
30032,0.0
29729,0.0
23392,0.0
22009,0.0
5613,0.0
11985,0.0
5388,0.0
10086,0.0
7161,0.0
4549,0.0
26085,0.0
26969,0.0
18568,0.0
9161,0.0
5532,0.0
8672,0.0
5342,0.0
28714,0.0
3009,0.0
17976,0.0
17990,0.0
28108,0.0
25499,0.0
19032,0.0
26862,0.0
27040,0.0
27214,0.0
22499,0.0
11036,0.0
30118,0.0
12615,0.0
23359,0.0
16364,0.0
4785,0.0
27536,0.0
13084,0.0
17314,0.0
14999,0.0
9931,0.0
28241,0.0
26562,0.0
11501,0.0
12284,0.0
22141,0.0
24621,0.0
14599,0.0
21680,0.0
21782,0.0
24918,0.0
9929,0.0
7242,0.0
30465,0.0
272,0.0
11494,0.0
4581,0.0
24730,0.0
14883,0.0
6410,0.0
15180,0.0
1789,0.0
3569,0.0
14512,0.0
6190,0.0
21354,0.0
28294,0.0
15419,0.0
3867,0.0
28535,0.0
11104,0.0
8096,0.0
21799,0.0
23926,0.0
9547,0.0
13343,0.0
4955,0.0
14989,0.0
8875,0.0
10889,0.0
18271,0.0
19360,0.0
13640,0.0
22914,0.0
15546,0.0
11965,0.0
18323,0.0
20173,0.0
11602,0.0
8271,0.0
4171,0.0
13828,0.0
510,0.0
30607,0.0
22198,0.0
22374,0.0
21724,0.0
22354,0.0
9281,0.0
1822,0.0
3410,0.0
13510,0.0
1509,0.0
20809,0.0
4350,0.0
11770,0.0
28034,0.0
12134,0.0
24530,0.0
28821,0.0
19518,0.0
16490,0.0
23896,0.0
7110,0.0
22363,0.0
17176,0.0
20911,0.0
13813,0.0
14560,0.0
28481,0.0
5444,0.0
24312,0.0
20779,0.0
25552,0.0
11429,0.0
9580,0.0
11661,0.0
23264,0.0
22204,0.0
16757,0.0
5135,0.0
4806,0.0
15424,0.0
12315,0.0
20418,0.0
25137,0.0
296,0.0
10724,0.0
12013,0.0
19798,0.0
369,0.0
13605,0.0
9044,0.0
13357,0.0
24012,0.0
5903,0.0
12203,0.0
6587,0.0
29010,0.0
3671,0.0
16912,0.0
14264,0.0
18721,0.0
24651,0.0
28401,0.0
26814,0.0
22424,0.0
28024,0.0
27950,0.0
2844,0.0
19916,0.0
17098,0.0
29234,0.0
13777,0.0
15215,0.0
5305,0.0
19978,0.0
28761,0.0
12496,0.0
14221,0.0
17811,0.0
18806,0.0
14215,0.0
21773,0.0
20438,0.0
18024,0.0
2674,0.0
4685,0.0
6073,0.0
11352,0.0
24218,0.0
1388,0.0
9788,0.0
11346,0.0
13447,0.0
21472,0.0
15013,0.0
12001,0.0
29351,0.0
11439,0.0
30003,0.0
18073,0.0
9615,0.0
3980,0.0
21949,0.0
17750,0.0
11516,0.0
24527,0.0
16313,0.0
19088,0.0
6690,0.0
23069,0.0
22397,0.0
8734,0.0
26083,0.0
21592,0.0
13710,0.0
5463,0.0
1627,0.0
23941,0.0
8942,0.0
23135,0.0
15672,0.0
27707,0.0
1430,0.0
12467,0.0
15222,0.0
19860,0.0
8983,0.0
6112,0.0
11233,0.0
6529,0.0
8106,0.0
5113,0.0
17667,0.0
20238,0.0
19069,0.0
21349,0.0
20252,0.0
3471,0.0
23662,0.0
2224,0.0
24401,0.0
5481,0.0
23979,0.0
688,0.0
17654,0.0
12491,0.0
15711,0.0
3595,0.0
21409,0.0
25885,0.0
21967,0.0
16436,0.0
8741,0.0
22637,0.0
16434,0.0
7476,0.0
23205,0.0
12084,0.0
24942,0.0
17994,0.0
18028,0.0
25531,0.0
1411,0.0
8092,0.0
10215,0.0
16250,0.0
28976,0.0
6138,0.0
29680,0.0
13201,0.0
16225,0.0
28634,0.0
12269,0.0
28317,0.0
17675,0.0
8241,0.0
9017,0.0
22879,0.0
22678,0.0
11418,0.0
6561,0.0
1246,0.0
2518,0.0
27713,0.0
23503,0.0
22027,0.0
3957,0.0
23291,0.0
28631,0.0
29851,0.0
27988,0.0
991,0.0
3559,0.0
22231,0.0
25130,0.0
1361,0.0
14636,0.0
14025,0.0
5526,0.0
24229,0.0
1377,0.0
27180,0.0
29041,0.0
12171,0.0
29771,0.0
7849,0.0
1545,0.0
23418,0.0
30310,0.0
17626,0.0
29397,0.0
20110,0.0
4623,0.0
11240,0.0
28157,0.0
5898,0.0
22881,0.0
19111,0.0
24642,0.0
3673,0.0
5733,0.0
8577,0.0
6567,0.0
24098,0.0
19569,0.0
21378,0.0
11009,0.0
24585,0.0
18740,0.0
14088,0.0
27764,0.0
5754,0.0
21591,0.0
24479,0.0
13623,0.0
26411,0.0
9040,0.0
5009,0.0
30124,0.0
16477,0.0
25417,0.0
3431,0.0
18663,0.0
14459,0.0
26533,0.0
7192,0.0
12229,0.0
265,0.0
6869,0.0
26144,0.0
16133,0.0
3513,0.0
11083,0.0
5339,0.0
18980,0.0
3408,0.0
20565,0.0
21972,0.0
27184,0.0
20263,0.0
3803,0.0
27499,0.0
24921,0.0
27564,0.0
25794,0.0
15365,0.0
14132,0.0
18125,0.0
3684,0.0
29506,0.0
5815,0.0
12423,0.0
19708,0.0
4698,0.0
13869,0.0
16531,0.0
1907,0.0
4401,0.0
5655,0.0
5842,0.0
7962,0.0
29144,0.0
16163,0.0
24714,0.0
1157,0.0
26846,0.0
8057,0.0
7367,0.0
10281,0.0
29218,0.0
20091,0.0
388,0.0
9432,0.0
14809,0.0
17569,0.0
23422,0.0
14451,0.0
12577,0.0
8215,0.0
29545,0.0
2777,0.0
13794,0.0
15616,0.0
16131,0.0
29558,0.0
9599,0.0
20581,0.0
728,0.0
30289,0.0
21188,0.0
23157,0.0
30156,0.0
2905,0.0
23724,0.0
12953,0.0
26480,0.0
18163,0.0
7458,0.0
10478,0.0
9408,0.0
16000,0.0
3911,0.0
5253,0.0
2729,0.0
27321,0.0
2841,0.0
15203,0.0
1056,0.0
9496,0.0
2491,0.0
22642,0.0
9317,0.0
10118,0.0
23086,0.0
19378,0.0
484,0.0
10001,0.0
4644,0.0
20224,0.0
13732,0.0
7432,0.0
2584,0.0
23454,0.0
26281,0.0
29972,0.0
17401,0.0
12384,0.0
29468,0.0
13081,0.0
22989,0.0
23111,0.0
23942,0.0
8516,0.0
5475,0.0
20530,0.0
19736,0.0
28515,0.0
15043,0.0
29849,0.0
28331,0.0
5271,0.0
636,0.0
14543,0.0
18493,0.0
12505,0.0
6849,0.0
16971,0.0
30151,0.0
14643,0.0
13474,0.0
6976,0.0
7400,0.0
17931,0.0
28399,0.0
28955,0.0
10438,0.0
11111,0.0
7327,0.0
2739,0.0
10515,0.0
13236,0.0
23946,0.0
3617,0.0
26991,0.0
1208,0.0
9009,0.0
12454,0.0
7387,0.0
16814,0.0
22861,0.0
25744,0.0
29610,0.0
2652,0.0
18099,0.0
22465,0.0
13520,0.0
30650,0.0
26457,0.0
28722,0.0
14426,0.0
27237,0.0
27145,0.0
26888,0.0
5623,0.0
4080,0.0
14736,0.0
10121,0.0
5032,0.0
1607,0.0
24542,0.0
23739,0.0
7518,0.0
2235,0.0
17295,0.0
24885,0.0
12077,0.0
18225,0.0
30223,0.0
28076,0.0
19312,0.0
27115,0.0
30655,0.0
29924,0.0
25913,0.0
3667,0.0
77,0.0
25209,0.0
10622,0.0
28610,0.0
1384,0.0
29370,0.0
2906,0.0
29057,0.0
25356,0.0
19928,0.0
6214,0.0
27218,0.0
11482,0.0
12173,0.0
25467,0.0
30458,0.0
7688,0.0
20259,0.0
18902,0.0
6891,0.0
21095,0.0
9403,0.0
9339,0.0
7415,0.0
4118,0.0
23843,0.0
7980,0.0
16126,0.0
25786,0.0
30018,0.0
20522,0.0
2531,0.0
23335,0.0
14660,0.0
11798,0.0
22003,0.0
10091,0.0
19436,0.0
716,0.0
14419,0.0
6374,0.0
9122,0.0
758,0.0
30442,0.0
25948,0.0
18392,0.0
29385,0.0
26443,0.0
10611,0.0
25070,0.0
24031,0.0
9970,0.0
6354,0.0
24723,0.0
14504,0.0
128,0.0
23959,0.0
21329,0.0
30176,0.0
11089,0.0
13573,0.0
27584,0.0
9455,0.0
23809,0.0
17309,0.0
22739,0.0
10411,0.0
27199,0.0
15058,0.0
14269,0.0
5603,0.0
30610,0.0
18748,0.0
29917,0.0
24867,0.0
6735,0.0
25455,0.0
426,0.0
28571,0.0
3453,0.0
14684,0.0
24078,0.0
2597,0.0
29381,0.0
27664,0.0
4932,0.0
4161,0.0
28728,0.0
23457,0.0
15381,0.0
23317,0.0
26546,0.0
25922,0.0
25157,0.0
26417,0.0
20978,0.0
8132,0.0
8294,0.0
1809,0.0
30467,0.0
26978,0.0
28609,0.0
2577,0.0
24315,0.0
4152,0.0
9564,0.0
20677,0.0
5945,0.0
29117,0.0
18956,0.0
30682,0.0
26882,0.0
23603,0.0
19060,0.0
2891,0.0
4005,0.0
3496,0.0
17535,0.0
16027,0.0
24515,0.0
24904,0.0
3349,0.0
27659,0.0
18186,0.0
18736,0.0
24953,0.0
7308,0.0
17730,0.0
17571,0.0
30369,0.0
9694,0.0
9721,0.0
12469,0.0
2130,0.0
13004,0.0
30210,0.0
18200,0.0
15812,0.0
17375,0.0
18883,0.0
28137,0.0
29459,0.0
17904,0.0
13185,0.0
26254,0.0
14667,0.0
6769,0.0
28859,0.0
30163,0.0
14751,0.0
17262,0.0
28505,0.0
18633,0.0
8177,0.0
11838,0.0
8394,0.0
15770,0.0
17332,0.0
5795,0.0
5667,0.0
27792,0.0
17202,0.0
18046,0.0
5380,0.0
14438,0.0
8945,0.0
9735,0.0
12809,0.0
15355,0.0
6517,0.0
23894,0.0
3315,0.0
2637,0.0
21660,0.0
24316,0.0
15173,0.0
3751,0.0
7890,0.0
16134,0.0
29944,0.0
27516,0.0
19706,0.0
10755,0.0
3810,0.0
20584,0.0
17435,0.0
22809,0.0
9853,0.0
11486,0.0
20108,0.0
9145,0.0
10288,0.0
21575,0.0
4800,0.0
21638,0.0
26604,0.0
27482,0.0
8848,0.0
9656,0.0
24371,0.0
2074,0.0
11921,0.0
686,0.0
17083,0.0
18483,0.0
12964,0.0
14844,0.0
14370,0.0
3130,0.0
2735,0.0
23832,0.0
30202,0.0
9770,0.0
20580,0.0
10933,0.0
16970,0.0
4788,0.0
19963,0.0
827,0.0
23750,0.0
16183,0.0
14274,0.0
1222,0.0
10537,0.0
1820,0.0
4179,0.0
568,0.0
27367,0.0
14009,0.0
840,0.0
3212,0.0
20957,0.0
9071,0.0
29591,0.0
14881,0.0
7647,0.0
22669,0.0
27223,0.0
20083,0.0
22091,0.0
20350,0.0
8377,0.0
18413,0.0
26347,0.0
7853,0.0
14907,0.0
7596,0.0
19174,0.0
6173,0.0
4705,0.0
19431,0.0
7238,0.0
3895,0.0
5087,0.0
19113,0.0
12257,0.0
1928,0.0
8883,0.0
12556,0.0
7614,0.0
29435,0.0
7916,0.0
11882,0.0
23580,0.0
3694,0.0
21164,0.0
945,0.0
25429,0.0
585,0.0
1872,0.0
17001,0.0
400,0.0
21543,0.0
10803,0.0
27933,0.0
10563,0.0
7691,0.0
14499,0.0
5449,0.0
3102,0.0
2494,0.0
6985,0.0
15091,0.0
25195,0.0
24831,0.0
16725,0.0
8860,0.0
4126,0.0
16152,0.0
17869,0.0
23857,0.0
16176,0.0
4297,0.0
2375,0.0
1579,0.0
3383,0.0
27922,0.0
7051,0.0
28117,0.0
24924,0.0
22588,0.0
15870,0.0
14146,0.0
4854,0.0
21350,0.0
27158,0.0
10180,0.0
2019,0.0
26617,0.0
21788,0.0
20160,0.0
12725,0.0
14460,0.0
15288,0.0
5808,0.0
30060,0.0
42,0.0
830,0.0
29005,0.0
7171,0.0
744,0.0
9226,0.0
16586,0.0
25977,0.0
24624,0.0
5688,0.0
9896,0.0
29078,0.0
17970,0.0
15324,0.0
14051,0.0
6907,0.0
5491,0.0
16582,0.0
26939,0.0
4543,0.0
15378,0.0
27062,0.0
23295,0.0
3440,0.0
21646,0.0
18208,0.0
25752,0.0
3871,0.0
23380,0.0
18519,0.0
24628,0.0
26646,0.0
8803,0.0
15246,0.0
29331,0.0
30595,0.0
4021,0.0
3932,0.0
27606,0.0
25267,0.0
13197,0.0
13874,0.0
20457,0.0
23001,0.0
23133,0.0
16012,0.0
25809,0.0
4333,0.0
6794,0.0
25490,0.0
9202,0.0
13726,0.0
143,0.0
15317,0.0
12987,0.0
28308,0.0
22744,0.0
2952,0.0
11052,0.0
25859,0.0
30406,0.0
6552,0.0
14384,0.0
5904,0.0
24209,0.0
8595,0.0
10693,0.0
24372,0.0
1423,0.0
23554,0.0
28132,0.0
16274,0.0
2007,0.0
29460,0.0
18403,0.0
26674,0.0
30205,0.0
14784,0.0
24092,0.0
22793,0.0
14330,0.0
23273,0.0
22991,0.0
17402,0.0
27672,0.0
18463,0.0
22482,0.0
1912,0.0
26983,0.0
9819,0.0
12793,0.0
3566,0.0
26133,0.0
24906,0.0
3538,0.0
8870,0.0
5480,0.0
20528,0.0
1845,0.0
13424,0.0
29187,0.0
20892,0.0
1586,0.0
2933,0.0
12029,0.0
25438,0.0
29124,0.0
5963,0.0
28174,0.0
13430,0.0
814,0.0
3548,0.0
30325,0.0
7152,0.0
13753,0.0
28825,0.0
5580,0.0
19855,0.0
9841,0.0
30197,0.0
20365,0.0
26875,0.0
28344,0.0
8322,0.0
28990,0.0
6984,0.0
26790,0.0
20941,0.0
11704,0.0
3552,0.0
7330,0.0
29952,0.0
8043,0.0
8663,0.0
5171,0.0
14198,0.0
1005,0.0
2890,0.0
14314,0.0
25997,0.0
7690,0.0
8912,0.0
7714,0.0
12266,0.0
25082,0.0
27573,0.0
2400,0.0
8239,0.0
10918,0.0
24736,0.0
22452,0.0
22876,0.0
3779,0.0
26440,0.0
289,0.0
1701,0.0
2402,0.0
14773,0.0
7803,0.0
8598,0.0
16301,0.0
22187,0.0
10534,0.0
24687,0.0
10085,0.0
18138,0.0
848,0.0
5461,0.0
10974,0.0
25185,0.0
23827,0.0
17102,0.0
15293,0.0
8633,0.0
5216,0.0
2291,0.0
6485,0.0
26666,0.0
26541,0.0
17403,0.0
8907,0.0
5987,0.0
20521,0.0
27976,0.0
15286,0.0
5092,0.0
6950,0.0
22276,0.0
6407,0.0
24159,0.0
21479,0.0
15718,0.0
24676,0.0
26482,0.0
19285,0.0
11007,0.0
1616,0.0
24813,0.0
21044,0.0
26256,0.0
25974,0.0
9120,0.0
16556,0.0
24339,0.0
2687,0.0
24032,0.0
25954,0.0
11622,0.0
5540,0.0
2052,0.0
26092,0.0
30575,0.0
17333,0.0
15513,0.0
23251,0.0
10612,0.0
21730,0.0
10685,0.0
20573,0.0
26305,0.0
12239,0.0
9828,0.0
28962,0.0
13122,0.0
12894,0.0
27039,0.0
12108,0.0
1125,0.0
18931,0.0
16267,0.0
11050,0.0
14545,0.0
4114,0.0
29603,0.0
18981,0.0
17574,0.0
12444,0.0
15852,0.0
21478,0.0
26532,0.0
29517,0.0
14962,0.0
22997,0.0
14515,0.0
26869,0.0
24321,0.0
29626,0.0
19138,0.0
360,0.0
26891,0.0
16981,0.0
3458,0.0
29236,0.0
23275,0.0
10597,0.0
1418,0.0
15702,0.0
17452,0.0
2030,0.0
6983,0.0
22586,0.0
5211,0.0
17491,0.0
27254,0.0
21166,0.0
12128,0.0
18043,0.0
3636,0.0
20475,0.0
12997,0.0
3804,0.0
11188,0.0
1484,0.0
4307,0.0
21458,0.0
8628,0.0
1287,0.0
25160,0.0
12949,0.0
517,0.0
23679,0.0
6662,0.0
17692,0.0
9292,0.0
6658,0.0
5170,0.0
18777,0.0
21217,0.0
7738,0.0
24969,0.0
16822,0.0
11470,0.0
21924,0.0
12512,0.0
1274,0.0
25634,0.0
12185,0.0
28273,0.0
11114,0.0
797,0.0
26961,0.0
5100,0.0
15388,0.0
10639,0.0
30036,0.0
30040,0.0
13879,0.0
15649,0.0
28529,0.0
25062,0.0
12099,0.0
16430,0.0
22389,0.0
28537,0.0
10071,0.0
30104,0.0
16521,0.0
19679,0.0
24834,0.0
29008,0.0
28020,0.0
26543,0.0
22274,0.0
8309,0.0
13216,0.0
27963,0.0
25743,0.0
4839,0.0
30536,0.0
23104,0.0
4107,0.0
1176,0.0
19631,0.0
11115,0.0
12549,0.0
22800,0.0
27364,0.0
6140,0.0
5609,0.0
23797,0.0
27132,0.0
8036,0.0
24051,0.0
23823,0.0
29202,0.0
23759,0.0
21252,0.0
28334,0.0
19763,0.0
24248,0.0
11138,0.0
111,0.0
4526,0.0
22614,0.0
13050,0.0
22278,0.0
19166,0.0
23967,0.0
28443,0.0
4302,0.0
26390,0.0
14974,0.0
1570,0.0
22746,0.0
8959,0.0
9454,0.0
22325,0.0
8604,0.0
24244,0.0
28857,0.0
22233,0.0
18192,0.0
24995,0.0
12155,0.0
26723,0.0
24172,0.0
30241,0.0
5201,0.0
23500,0.0
13347,0.0
20625,0.0
4104,0.0
11899,0.0
21283,0.0
24288,0.0
30383,0.0
4427,0.0
15775,0.0
26495,0.0
2723,0.0
26669,0.0
29417,0.0
15916,0.0
14466,0.0
14607,0.0
30350,0.0
21207,0.0
18737,0.0
9965,0.0
23811,0.0
5328,0.0
24336,0.0
12090,0.0
1770,0.0
14637,0.0
21886,0.0
23027,0.0
9464,0.0
24901,0.0
9351,0.0
23711,0.0
8423,0.0
24192,0.0
18411,0.0
3583,0.0
25485,0.0
678,0.0
21161,0.0
1261,0.0
12863,0.0
777,0.0
28158,0.0
6518,0.0
7407,0.0
11073,0.0
15356,0.0
23167,0.0
5856,0.0
25056,0.0
27309,0.0
2571,0.0
15520,0.0
2179,0.0
25745,0.0
12679,0.0
24571,0.0
25593,0.0
26975,0.0
20050,0.0
11945,0.0
7713,0.0
10606,0.0
20893,0.0
12490,0.0
28652,0.0
17875,0.0
17617,0.0
977,0.0
27934,0.0
3169,0.0
25798,0.0
28379,0.0
7858,0.0
14291,0.0
5776,0.0
5213,0.0
14136,0.0
3192,0.0
19898,0.0
6816,0.0
15294,0.0
4248,0.0
11040,0.0
5925,0.0
28383,0.0
5395,0.0
16234,0.0
17689,0.0
3312,0.0
19555,0.0
30330,0.0
4812,0.0
25126,0.0
93,0.0
1667,0.0
17974,0.0
14173,0.0
16357,0.0
9225,0.0
17968,0.0
6213,0.0
22675,0.0
15310,0.0
12456,0.0
1573,0.0
22302,0.0
22087,0.0
8235,0.0
8004,0.0
15193,0.0
22254,0.0
16726,0.0
17625,0.0
13287,0.0
13438,0.0
10376,0.0
3492,0.0
17550,0.0
16593,0.0
25005,0.0
26509,0.0
8068,0.0
17908,0.0
20220,0.0
30077,0.0
4555,0.0
15202,0.0
232,0.0
16217,0.0
24952,0.0
5408,0.0
13272,0.0
2162,0.0
23670,0.0
6965,0.0
11754,0.0
25701,0.0
11177,0.0
8462,0.0
21887,0.0
4153,0.0
17112,0.0
3227,0.0
11902,0.0
13013,0.0
20512,0.0
14111,0.0
10337,0.0
20041,0.0
16025,0.0
23362,0.0
27005,0.0
17980,0.0
11638,0.0
6055,0.0
26002,0.0
15800,0.0
14104,0.0
15250,0.0
3089,0.0
25893,0.0
3413,0.0
15785,0.0
14577,0.0
4053,0.0
13603,0.0
3869,0.0
3262,0.0
14508,0.0
4243,0.0
21422,0.0
28725,0.0
9886,0.0
29824,0.0
12004,0.0
16819,0.0
5348,0.0
12879,0.0
5357,0.0
25434,0.0
27173,0.0
21418,0.0
9921,0.0
20913,0.0
4682,0.0
23890,0.0
21135,0.0
9728,0.0
14996,0.0
858,0.0
21123,0.0
8933,0.0
24989,0.0
20813,0.0
4257,0.0
4076,0.0
17615,0.0
18731,0.0
5327,0.0
16187,0.0
1106,0.0
19203,0.0
5159,0.0
19968,0.0
6025,0.0
1748,0.0
2075,0.0
21659,0.0
13504,0.0
682,0.0
14922,0.0
3745,0.0
19206,0.0
19947,0.0
23625,0.0
2053,0.0
27695,0.0
24692,0.0
12715,0.0
6006,0.0
19300,0.0
14432,0.0
14670,0.0
22162,0.0
26091,0.0
20140,0.0
22133,0.0
27973,0.0
30216,0.0
27366,0.0
18955,0.0
15146,0.0
5031,0.0
17056,0.0
18868,0.0
28553,0.0
30428,0.0
29848,0.0
12924,0.0
1490,0.0
24488,0.0
22763,0.0
25258,0.0
16207,0.0
25260,0.0
29797,0.0
330,0.0
24949,0.0
7026,0.0
23521,0.0
29055,0.0
16424,0.0
15463,0.0
6197,0.0
21579,0.0
20049,0.0
3754,0.0
12398,0.0
12957,0.0
22498,0.0
25810,0.0
26591,0.0
29252,0.0
29869,0.0
16500,0.0
26928,0.0
6127,0.0
24462,0.0
22837,0.0
8852,0.0
1004,0.0
3219,0.0
19972,0.0
15072,0.0
4629,0.0
21250,0.0
10638,0.0
20886,0.0
25493,0.0
17761,0.0
19463,0.0
25247,0.0
5778,0.0
7996,0.0
9961,0.0
17133,0.0
8492,0.0
21473,0.0
6557,0.0
4779,0.0
10157,0.0
21377,0.0
17804,0.0
29495,0.0
23648,0.0
2639,0.0
10579,0.0
21142,0.0
11682,0.0
20286,0.0
14211,0.0
8211,0.0
280,0.0
6809,0.0
20866,0.0
15913,0.0
20421,0.0
16611,0.0
10971,0.0
16149,0.0
10564,0.0
7282,0.0
21555,0.0
21561,0.0
16674,0.0
20714,0.0
4749,0.0
14246,0.0
20105,0.0
22718,0.0
4065,0.0
12923,0.0
20610,0.0
30257,0.0
9971,0.0
15942,0.0
16889,0.0
22296,0.0
22149,0.0
16688,0.0
28016,0.0
2731,0.0
10312,0.0
18841,0.0
17058,0.0
24378,0.0
17359,0.0
30528,0.0
12274,0.0
8729,0.0
24149,0.0
18311,0.0
22545,0.0
21001,0.0
5773,0.0
15078,0.0
28403,0.0
29398,0.0
18257,0.0
22008,0.0
18033,0.0
18370,0.0
15572,0.0
4560,0.0
17137,0.0
17296,0.0
5002,0.0
8032,0.0
12876,0.0
2041,0.0
8397,0.0
4193,0.0
16243,0.0
12948,0.0
21183,0.0
15541,0.0
10640,0.0
13433,0.0
12086,0.0
22135,0.0
29425,0.0
2054,0.0
20094,0.0
6745,0.0
13902,0.0
10882,0.0
3376,0.0
29052,0.0
5494,0.0
4638,0.0
20849,0.0
20728,0.0
29672,0.0
6962,0.0
14939,0.0
18761,0.0
1433,0.0
1731,0.0
23240,0.0
23080,0.0
26807,0.0
21076,0.0
4948,0.0
12895,0.0
3487,0.0
24049,0.0
22935,0.0
10819,0.0
29646,0.0
25320,0.0
8138,0.0
29467,0.0
13812,0.0
7137,0.0
11201,0.0
9796,0.0
30612,0.0
17586,0.0
22154,0.0
14792,0.0
6896,0.0
2718,0.0
29222,0.0
3549,0.0
15628,0.0
19171,0.0
449,0.0
22643,0.0
4708,0.0
24892,0.0
22251,0.0
14428,0.0
14036,0.0
18480,0.0
18844,0.0
7198,0.0
5387,0.0
1112,0.0
29814,0.0
14779,0.0
23628,0.0
7649,0.0
9879,0.0
29653,0.0
13418,0.0
471,0.0
3153,0.0
3452,0.0
6800,0.0
14733,0.0
6180,0.0
2959,0.0
27272,0.0
15918,0.0
24596,0.0
9724,0.0
5560,0.0
18001,0.0
23955,0.0
18559,0.0
23013,0.0
10548,0.0
21612,0.0
25719,0.0
8005,0.0
18031,0.0
16956,0.0
14780,0.0
9734,0.0
17905,0.0
12545,0.0
22924,0.0
4405,0.0
19863,0.0
1213,0.0
6397,0.0
15265,0.0
30560,0.0
20018,0.0
17054,0.0
9955,0.0
3096,0.0
549,0.0
29364,0.0
28314,0.0
21047,0.0
23924,0.0
13819,0.0
27495,0.0
16254,0.0
30450,0.0
11029,0.0
3743,0.0
17206,0.0
18617,0.0
16203,0.0
507,0.0
21650,0.0
23021,0.0
27303,0.0
19391,0.0
481,0.0
27147,0.0
22065,0.0
9157,0.0
16352,0.0
8641,0.0
25163,0.0
15194,0.0
28952,0.0
30633,0.0
29147,0.0
16977,0.0
768,0.0
24038,0.0
18232,0.0
220,0.0
5,0.0
10576,0.0
12590,0.0
11734,0.0
20192,0.0
28261,0.0
355,0.0
26078,0.0
25520,0.0
26910,0.0
21021,0.0
2827,0.0
9871,0.0
19528,0.0
18619,0.0
8700,0.0
29808,0.0
25943,0.0
6247,0.0
13137,0.0
21866,0.0
27275,0.0
5857,0.0
29713,0.0
27227,0.0
13947,0.0
17303,0.0
13967,0.0
23123,0.0
11845,0.0
56,0.0
9586,0.0
20331,0.0
4240,0.0
16188,0.0
17561,0.0
4828,0.0
18882,0.0
951,0.0
21631,0.0
468,0.0
18230,0.0
6920,0.0
12052,0.0
24976,0.0
27867,0.0
10130,0.0
8259,0.0
6417,0.0
495,0.0
26087,0.0
377,0.0
9562,0.0
15248,0.0
8395,0.0
22844,0.0
16522,0.0
15971,0.0
12121,0.0
20383,0.0
23015,0.0
19453,0.0
23858,0.0
17866,0.0
3126,0.0
28312,0.0
11949,0.0
21046,0.0
19193,0.0
24911,0.0
26116,0.0
110,0.0
14726,0.0
13275,0.0
24733,0.0
28113,0.0
7211,0.0
13263,0.0
7498,0.0
23983,0.0
16017,0.0
13021,0.0
28842,0.0
22176,0.0
10604,0.0
11978,0.0
16821,0.0
21426,0.0
20807,0.0
23336,0.0
28573,0.0
8702,0.0
5050,0.0
2936,0.0
19579,0.0
13027,0.0
762,0.0
29798,0.0
6521,0.0
28991,0.0
12922,0.0
21665,0.0
9183,0.0
12523,0.0
9338,0.0
22509,0.0
29839,0.0
7632,0.0
12527,0.0
16023,0.0
5582,0.0
9597,0.0
542,0.0
29445,0.0
17926,0.0
7974,0.0
16375,0.0
7883,0.0
29746,0.0
4856,0.0
5859,0.0
3201,0.0
17633,0.0
21469,0.0
10953,0.0
5192,0.0
30055,0.0
9103,0.0
27283,0.0
2009,0.0
26037,0.0
26512,0.0
11870,0.0
2814,0.0
7585,0.0
13242,0.0
9008,0.0
9928,0.0
14570,0.0
29312,0.0
20090,0.0
19817,0.0
6837,0.0
17744,0.0
2520,0.0
7950,0.0
4323,0.0
759,0.0
23262,0.0
7254,0.0
22281,0.0
11490,0.0
7049,0.0
11849,0.0
14703,0.0
1370,0.0
6840,0.0
13067,0.0
20035,0.0
6319,0.0
15010,0.0
3085,0.0
11422,0.0
12132,0.0
29557,0.0
3506,0.0
2221,0.0
27381,0.0
9738,0.0
18259,0.0
6337,0.0
16744,0.0
14909,0.0
7932,0.0
20520,0.0
12166,0.0
4659,0.0
1699,0.0
29908,0.0
18528,0.0
27463,0.0
28033,0.0
19370,0.0
18386,0.0
28141,0.0
17847,0.0
13243,0.0
7674,0.0
28789,0.0
10720,0.0
25298,0.0
2747,0.0
15060,0.0
5866,0.0
23084,0.0
10167,0.0
17873,0.0
22392,0.0
24471,0.0
14960,0.0
22466,0.0
23101,0.0
8275,0.0
9301,0.0
25090,0.0
26466,0.0
27989,0.0
13737,0.0
10419,0.0
553,0.0
17981,0.0
26986,0.0
19998,0.0
19764,0.0
2101,0.0
26367,0.0
14659,0.0
3945,0.0
27053,0.0
12392,0.0
21363,0.0
20979,0.0
2500,0.0
29413,0.0
16644,0.0
10920,0.0
1383,0.0
10241,0.0
20887,0.0
29681,0.0
21854,0.0
13631,0.0
20519,0.0
18776,0.0
4516,0.0
1446,0.0
12205,0.0
5411,0.0
1035,0.0
15633,0.0
12096,0.0
22273,0.0
8500,0.0
19794,0.0
15089,0.0
21815,0.0
25101,0.0
26397,0.0
27274,0.0
16581,0.0
8083,0.0
5883,0.0
16293,0.0
16060,0.0
18708,0.0
21213,0.0
15614,0.0
14010,0.0
6376,0.0
16192,0.0
6614,0.0
16589,0.0
5264,0.0
9205,0.0
8957,0.0
8188,0.0
10282,0.0
27149,0.0
1686,0.0
20561,0.0
11389,0.0
28954,0.0
6997,0.0
11903,0.0
6317,0.0
3202,0.0
7843,0.0
14839,0.0
19186,0.0
22346,0.0
27031,0.0
25934,0.0
344,0.0
19701,0.0
8149,0.0
12102,0.0
21428,0.0
7782,0.0
14546,0.0
28858,0.0
353,0.0
30695,0.0
18643,0.0
23522,0.0
16852,0.0
12192,0.0
22416,0.0
1097,0.0
3234,0.0
30418,0.0
10473,0.0
9479,0.0
14821,0.0
11199,0.0
15569,0.0
15148,0.0
11758,0.0
13072,0.0
2365,0.0
28906,0.0
6905,0.0
6448,0.0
8969,0.0
27760,0.0
21457,0.0
10761,0.0
26859,0.0
5466,0.0
731,0.0
25500,0.0
14124,0.0
8459,0.0
28584,0.0
4790,0.0
5312,0.0
12896,0.0
16361,0.0
12095,0.0
9657,0.0
22655,0.0
30658,0.0
24091,0.0
10732,0.0
25138,0.0
5830,0.0
17891,0.0
25722,0.0
12126,0.0
29515,0.0
29451,0.0
3838,0.0
26898,0.0
10075,0.0
20582,0.0
14217,0.0
18318,0.0
19562,0.0
29034,0.0
18224,0.0
11131,0.0
145,0.0
18897,0.0
13383,0.0
23748,0.0
27168,0.0
26523,0.0
3479,0.0
21925,0.0
9675,0.0
16651,0.0
4706,0.0
17509,0.0
2605,0.0
22355,0.0
12655,0.0
27936,0.0
11988,0.0
17835,0.0
11333,0.0
873,0.0
16955,0.0
4442,0.0
5767,0.0
25108,0.0
25558,0.0
529,0.0
20428,0.0
2443,0.0
15431,0.0
11296,0.0
1280,0.0
22692,0.0
10746,0.0
2039,0.0
19068,0.0
1656,0.0
24054,0.0
8313,0.0
29555,0.0
29871,0.0
23470,0.0
21980,0.0
1465,0.0
27789,0.0
28636,0.0
22687,0.0
15124,0.0
15304,0.0
16161,0.0
4617,0.0
10842,0.0
54,0.0
14509,0.0
21452,0.0
24709,0.0
22475,0.0
4289,0.0
13441,0.0
18292,0.0
3049,0.0
12728,0.0
22407,0.0
4121,0.0
9235,0.0
21973,0.0
1339,0.0
5399,0.0
6635,0.0
24064,0.0
25710,0.0
2624,0.0
21683,0.0
18775,0.0
7984,0.0
14216,0.0
15011,0.0
28975,0.0
21587,0.0
3057,0.0
28702,0.0
30344,0.0
24337,0.0
27120,0.0
10676,0.0
28886,0.0
24798,0.0
25568,0.0
7180,0.0
4002,0.0
114,0.0
16304,0.0
13808,0.0
13313,0.0
10766,0.0
9451,0.0
498,0.0
12871,0.0
29837,0.0
11013,0.0
26746,0.0
21560,0.0
9457,0.0
838,0.0
27503,0.0
29727,0.0
21410,0.0
12731,0.0
9803,0.0
13148,0.0
23730,0.0
6332,0.0
17929,0.0
3504,0.0
26850,0.0
29751,0.0
15997,0.0
3849,0.0
11225,0.0
24144,0.0
12372,0.0
3035,0.0
11944,0.0
1297,0.0
3544,0.0
18285,0.0
29677,0.0
4965,0.0
10784,0.0
2374,0.0
10940,0.0
11993,0.0
19309,0.0
11458,0.0
23652,0.0
5701,0.0
19064,0.0
13460,0.0
17736,0.0
23151,0.0
15660,0.0
10470,0.0
1301,0.0
7085,0.0
12910,0.0
9450,0.0
19546,0.0
6238,0.0
25494,0.0
8847,0.0
21933,0.0
12254,0.0
4253,0.0
22417,0.0
25201,0.0
2218,0.0
27598,0.0
7306,0.0
29909,0.0
16480,0.0
6966,0.0
15391,0.0
23562,0.0
14292,0.0
26498,0.0
10205,0.0
12567,0.0
6578,0.0
24252,0.0
7478,0.0
4039,0.0
2699,0.0
4695,0.0
5943,0.0
1003,0.0
1866,0.0
5781,0.0
10668,0.0
12462,0.0
11970,0.0
16903,0.0
8114,0.0
21168,0.0
6219,0.0
4901,0.0
6347,0.0
30689,0.0
26221,0.0
11304,0.0
17101,0.0
15227,0.0
12998,0.0
29120,0.0
7354,0.0
30268,0.0
4128,0.0
6986,0.0
9489,0.0
1609,0.0
28440,0.0
15550,0.0
15639,0.0
5656,0.0
9486,0.0
12959,0.0
6336,0.0
8585,0.0
3981,0.0
10295,0.0
1569,0.0
15075,0.0
10199,0.0
26574,0.0
22501,0.0
4136,0.0
21259,0.0
2267,0.0
4781,0.0
2523,0.0
15393,0.0
22970,0.0
1349,0.0
24868,0.0
17792,0.0
17603,0.0
23901,0.0
19084,0.0
12330,0.0
4375,0.0
6576,0.0
4435,0.0
2182,0.0
30068,0.0
21917,0.0
14342,0.0
20183,0.0
16574,0.0
7624,0.0
1660,0.0
6686,0.0
3291,0.0
4949,0.0
22229,0.0
20437,0.0
29145,0.0
10367,0.0
2062,0.0
12199,0.0
15170,0.0
23364,0.0
20703,0.0
28627,0.0
23183,0.0
7606,0.0
18237,0.0
30616,0.0
16619,0.0
15946,0.0
315,0.0
12226,0.0
4994,0.0
5435,0.0
20124,0.0
23391,0.0
1549,0.0
15696,0.0
1070,0.0
11641,0.0
2627,0.0
1571,0.0
18124,0.0
26219,0.0
28983,0.0
2183,0.0
4995,0.0
11390,0.0
30565,0.0
27547,0.0
18430,0.0
21786,0.0
458,0.0
9354,0.0
15404,0.0
16147,0.0
1610,0.0
21527,0.0
17982,0.0
6446,0.0
12650,0.0
11238,0.0
2894,0.0
1009,0.0
26901,0.0
24758,0.0
16871,0.0
28698,0.0
10771,0.0
13785,0.0
12249,0.0
28029,0.0
15160,0.0
5304,0.0
11054,0.0
17426,0.0
6388,0.0
9414,0.0
15733,0.0
25763,0.0
20811,0.0
5423,0.0
12706,0.0
176,0.0
12991,0.0
18188,0.0
23569,0.0
17129,0.0
29948,0.0
26896,0.0
26363,0.0
14714,0.0
2442,0.0
25074,0.0
17158,0.0
4006,0.0
1713,0.0
24231,0.0
1628,0.0
3261,0.0
14900,0.0
29882,0.0
11499,0.0
3958,0.0
12473,0.0
22990,0.0
5315,0.0
25066,0.0
5501,0.0
1867,0.0
21034,0.0
17544,0.0
13991,0.0
26576,0.0
22651,0.0
26840,0.0
592,0.0
8198,0.0
16397,0.0
4569,0.0
1254,0.0
25982,0.0
10649,0.0
27225,0.0
27821,0.0
13627,0.0
22772,0.0
10626,0.0
11958,0.0
17832,0.0
7413,0.0
10827,0.0
23810,0.0
11669,0.0
22018,0.0
14041,0.0
23156,0.0
27365,0.0
25194,0.0
24487,0.0
18157,0.0
24873,0.0
3448,0.0
23931,0.0
13417,0.0
6286,0.0
25013,0.0
30105,0.0
10387,0.0
11366,0.0
6157,0.0
12176,0.0
7730,0.0
12966,0.0
20758,0.0
21305,0.0
16070,0.0
14742,0.0
7314,0.0
17276,0.0
12049,0.0
5155,0.0
2964,0.0
21487,0.0
20879,0.0
9012,0.0
2022,0.0
3385,0.0
30345,0.0
1352,0.0
19101,0.0
13939,0.0
22728,0.0
561,0.0
26937,0.0
23426,0.0
9117,0.0
24446,0.0
18962,0.0
9823,0.0
26539,0.0
27525,0.0
1758,0.0
21995,0.0
20267,0.0
8899,0.0
26695,0.0
24710,0.0
19437,0.0
4149,0.0
1560,0.0
2175,0.0
9499,0.0
23285,0.0
3290,0.0
9028,0.0
19862,0.0
5844,0.0
648,0.0
6088,0.0
26508,0.0
28614,0.0
21844,0.0
26272,0.0
13422,0.0
25229,0.0
18517,0.0
16966,0.0
1502,0.0
21430,0.0
29199,0.0
12093,0.0
23524,0.0
16553,0.0
3738,0.0
20662,0.0
23068,0.0
155,0.0
19094,0.0
11156,0.0
10820,0.0
23969,0.0
3843,0.0
27346,0.0
23802,0.0
17092,0.0
6708,0.0
23939,0.0
19661,0.0
27515,0.0
14981,0.0
15919,0.0
18546,0.0
9832,0.0
11428,0.0
9151,0.0
1584,0.0
25048,0.0
3403,0.0
12554,0.0
9632,0.0
14975,0.0
24363,0.0
8064,0.0
27903,0.0
16677,0.0
30260,0.0
2362,0.0
2999,0.0
14793,0.0
14650,0.0
22314,0.0
28237,0.0
19773,0.0
25870,0.0
6161,0.0
24324,0.0
24325,0.0
13047,0.0
12853,0.0
14301,0.0
28953,0.0
13326,0.0
15336,0.0
19696,0.0
9352,0.0
9033,0.0
18549,0.0
1312,0.0
10077,0.0
3494,0.0
5748,0.0
5299,0.0
19410,0.0
16559,0.0
19925,0.0
9673,0.0
2324,0.0
13099,0.0
7154,0.0
30603,0.0
23824,0.0
20447,0.0
12445,0.0
8008,0.0
20971,0.0
14525,0.0
27255,0.0
6175,0.0
7403,0.0
17323,0.0
4190,0.0
3576,0.0
21958,0.0
7045,0.0
26564,0.0
3197,0.0
3960,0.0
7044,0.0
969,0.0
11510,0.0
10519,0.0
19244,0.0
14015,0.0
4917,0.0
3562,0.0
7521,0.0
273,0.0
17890,0.0
17613,0.0
9187,0.0
15157,0.0
7622,0.0
3959,0.0
12321,0.0
16682,0.0
20287,0.0
28110,0.0
29029,0.0
4528,0.0
12101,0.0
6191,0.0
30297,0.0
13963,0.0
2514,0.0
2855,0.0
3309,0.0
28910,0.0
14689,0.0
19450,0.0
10034,0.0
7780,0.0
9533,0.0
9907,0.0
696,0.0
16799,0.0
3181,0.0
8447,0.0
9440,0.0
18832,0.0
14547,0.0
20221,0.0
1903,0.0
28964,0.0
4728,0.0
27574,0.0
6453,0.0
30571,0.0
8147,0.0
28169,0.0
26654,0.0
8190,0.0
16197,0.0
24608,0.0
13498,0.0
19467,0.0
15837,0.0
9439,0.0
4051,0.0
11102,0.0
27373,0.0
212,0.0
25269,0.0
15267,0.0
27095,0.0
14084,0.0
15296,0.0
7120,0.0
28416,0.0
6256,0.0
22702,0.0
18402,0.0
25190,0.0
13559,0.0
15595,0.0
24684,0.0
25030,0.0
681,0.0
25821,0.0
29941,0.0
2901,0.0
26301,0.0
5734,0.0
23675,0.0
18219,0.0
173,0.0
6111,0.0
23452,0.0
18949,0.0
20944,0.0
22558,0.0
17201,0.0
13295,0.0
608,0.0
15815,0.0
8282,0.0
27311,0.0
14449,0.0
13341,0.0
5169,0.0
1234,0.0
16791,0.0
27169,0.0
27610,0.0
18682,0.0
8396,0.0
1327,0.0
14378,0.0
8027,0.0
6502,0.0
4588,0.0
12117,0.0
24287,0.0
11572,0.0
10191,0.0
1661,0.0
13731,0.0
8866,0.0
3462,0.0
21771,0.0
6358,0.0
4657,0.0
29456,0.0
7499,0.0
8218,0.0
28305,0.0
20640,0.0
23347,0.0
8173,0.0
25580,0.0
18988,0.0
12263,0.0
28641,0.0
17198,0.0
30648,0.0
16908,0.0
20857,0.0
14985,0.0
16331,0.0
23696,0.0
16642,0.0
2949,0.0
19259,0.0
13083,0.0
885,0.0
28664,0.0
14731,0.0
3200,0.0
7348,0.0
18823,0.0
2128,0.0
25283,0.0
4370,0.0
26988,0.0
28968,0.0
7929,0.0
20177,0.0
18729,0.0
19772,0.0
2106,0.0
17674,0.0
5525,0.0
21975,0.0
15498,0.0
13318,0.0
16671,0.0
26236,0.0
11558,0.0
9471,0.0
6292,0.0
27418,0.0
13515,0.0
8450,0.0
27010,0.0
451,0.0
16818,0.0
24223,0.0
16401,0.0
19379,0.0
1990,0.0
847,0.0
3173,0.0
19251,0.0
14147,0.0
21889,0.0
15797,0.0
23298,0.0
26649,0.0
12325,0.0
4081,0.0
30270,0.0
9077,0.0
29799,0.0
4552,0.0
14431,0.0
1884,0.0
9,0.0
3250,0.0
21582,0.0
13384,0.0
17795,0.0
14078,0.0
7362,0.0
25065,0.0
27474,0.0
24666,0.0
28742,0.0
16085,0.0
4239,0.0
25527,0.0
7785,0.0
28350,0.0
16936,0.0
14043,0.0
8350,0.0
7507,0.0
22287,0.0
13672,0.0
17889,0.0
23690,0.0
23517,0.0
15755,0.0
1225,0.0
1067,0.0
24404,0.0
24808,0.0
9116,0.0
18476,0.0
7218,0.0
26490,0.0
10944,0.0
7919,0.0
9256,0.0
11825,0.0
7999,0.0
15742,0.0
8655,0.0
5884,0.0
28523,0.0
11438,0.0
9005,0.0
4757,0.0
28538,0.0
12718,0.0
20819,0.0
20056,0.0
26100,0.0
18338,0.0
19625,0.0
29166,0.0
22976,0.0
29164,0.0
13842,0.0
3718,0.0
19004,0.0
18211,0.0
26187,0.0
10083,0.0
12015,0.0
21447,0.0
24220,0.0
13932,0.0
20454,0.0
23950,0.0
16339,0.0
14077,0.0
29389,0.0
19547,0.0
658,0.0
16685,0.0
11987,0.0
19960,0.0
12877,0.0
24611,0.0
24866,0.0
18781,0.0
30243,0.0
4388,0.0
20181,0.0
10088,0.0
16524,0.0
22873,0.0
9716,0.0
13296,0.0
16476,0.0
2580,0.0
1727,0.0
17119,0.0
23089,0.0
5165,0.0
5651,0.0
5492,0.0
14364,0.0
29260,0.0
17555,0.0
20760,0.0
17427,0.0
2180,0.0
12862,0.0
24365,0.0
15420,0.0
8041,0.0
28279,0.0
9922,0.0
4469,0.0
19416,0.0
21293,0.0
8590,0.0
25546,0.0
4165,0.0
20502,0.0
24205,0.0
20468,0.0
8984,0.0
19017,0.0
24017,0.0
17495,0.0
627,0.0
23352,0.0
16783,0.0
26352,0.0
10589,0.0
27157,0.0
29826,0.0
22425,0.0
30640,0.0
5309,0.0
22738,0.0
20850,0.0
7546,0.0
6121,0.0
14510,0.0
28013,0.0
9764,0.0
14959,0.0
25102,0.0
17486,0.0
984,0.0
20755,0.0
11364,0.0
14628,0.0
15237,0.0
12908,0.0
17791,0.0
28439,0.0
20922,0.0
6495,0.0
11074,0.0
1514,0.0
14061,0.0
9714,0.0
2591,0.0
11320,0.0
20272,0.0
1983,0.0
6461,0.0
10385,0.0
30505,0.0
29361,0.0
427,0.0
19327,0.0
27179,0.0
23869,0.0
4607,0.0
15002,0.0
25365,0.0
7833,0.0
25659,0.0
28833,0.0
26701,0.0
23030,0.0
27018,0.0
11591,0.0
3575,0.0
24112,0.0
20947,0.0
23379,0.0
26101,0.0
20737,0.0
24204,0.0
1376,0.0
19868,0.0
3204,0.0
14931,0.0
14266,0.0
29567,0.0
10105,0.0
27902,0.0
540,0.0
30226,0.0
27749,0.0
8289,0.0
11540,0.0
8257,0.0
5233,0.0
16839,0.0
26755,0.0
29832,0.0
23145,0.0
22807,0.0
17823,0.0
20413,0.0
15777,0.0
5375,0.0
19520,0.0
9482,0.0
3482,0.0
572,0.0
19374,0.0
10911,0.0
25730,0.0
7219,0.0
3846,0.0
22469,0.0
15939,0.0
27360,0.0
15333,0.0
8639,0.0
21616,0.0
30277,0.0
27690,0.0
23400,0.0
1079,0.0
2689,0.0
26612,0.0
11917,0.0
4648,0.0
29923,0.0
11242,0.0
27312,0.0
2519,0.0
11170,0.0
25811,0.0
29794,0.0
29734,0.0
18150,0.0
30644,0.0
1955,0.0
19785,0.0
27877,0.0
25967,0.0
29354,0.0
28171,0.0
24347,0.0
14482,0.0
5187,0.0
162,0.0
3476,0.0
11859,0.0
27052,0.0
26824,0.0
8609,0.0
20213,0.0
7975,0.0
12356,0.0
20645,0.0
16826,0.0
9412,0.0
26303,0.0
3159,0.0
28784,0.0
18523,0.0
22657,0.0
20086,0.0
23202,0.0
29363,0.0
29021,0.0
30495,0.0
16362,0.0
26560,0.0
25993,0.0
19744,0.0
21608,0.0
18784,0.0
3175,0.0
9857,0.0
16743,0.0
16485,0.0
11435,0.0
25398,0.0
20318,0.0
3109,0.0
13680,0.0
6134,0.0
28027,0.0
10441,0.0
20668,0.0
12709,0.0
18365,0.0
17220,0.0
27587,0.0
21497,0.0
17678,0.0
8452,0.0
30437,0.0
19336,0.0
21943,0.0
13595,0.0
28956,0.0
3771,0.0
18367,0.0
11520,0.0
14990,0.0
18622,0.0
2579,0.0
17494,0.0
7077,0.0
25610,0.0
20194,0.0
17191,0.0
4855,0.0
11619,0.0
7328,0.0
29161,0.0
26344,0.0
13656,0.0
4919,0.0
7416,0.0
11183,0.0
2420,0.0
15794,0.0
19536,0.0
28229,0.0
6946,0.0
5691,0.0
16738,0.0
17011,0.0
23006,0.0
18486,0.0
1739,0.0
21916,0.0
29241,0.0
30498,0.0
7200,0.0
13529,0.0
10253,0.0
15490,0.0
27494,0.0
1511,0.0
1582,0.0
21227,0.0
3654,0.0
23259,0.0
19033,0.0
15287,0.0
18355,0.0
20578,0.0
2572,0.0
16661,0.0
12748,0.0
7035,0.0
15679,0.0
15328,0.0
1679,0.0
3297,0.0
10872,0.0
7257,0.0
21153,0.0
20131,0.0
12610,0.0
7884,0.0
20118,0.0
28295,0.0
6402,0.0
26761,0.0
17014,0.0
9121,0.0
6093,0.0
16756,0.0
1231,0.0
20180,0.0
17612,0.0
15934,0.0
8675,0.0
11557,0.0
5851,0.0
30319,0.0
25332,0.0
6444,0.0
6815,0.0
6723,0.0
28493,0.0
8139,0.0
15499,0.0
18576,0.0
14205,0.0
14130,0.0
10037,0.0
24296,0.0
22880,0.0
3243,0.0
17915,0.0
15855,0.0
21128,0.0
5039,0.0
28769,0.0
11447,0.0
8358,0.0
19347,0.0
26913,0.0
9113,0.0
8806,0.0
22439,0.0
15338,0.0
29611,0.0
18151,0.0
30027,0.0
6793,0.0
23839,0.0
13308,0.0
13670,0.0
23685,0.0
9900,0.0
7129,0.0
22950,0.0
18481,0.0
1876,0.0
14235,0.0
3516,0.0
26521,0.0
7862,0.0
14048,0.0
25327,0.0
20617,0.0
570,0.0
21893,0.0
1162,0.0
29692,0.0
6601,0.0
12232,0.0
17608,0.0
18853,0.0
15211,0.0
1619,0.0
2311,0.0
13119,0.0
15739,0.0
2626,0.0
2006,0.0
3296,0.0
11662,0.0
13728,0.0
6307,0.0
7404,0.0
27510,0.0
12040,0.0
17660,0.0
4687,0.0
12048,0.0
22242,0.0
27484,0.0
26691,0.0
20316,0.0
18772,0.0
16402,0.0
13522,0.0
21291,0.0
5432,0.0
12316,0.0
27409,0.0
3798,0.0
3012,0.0
4787,0.0
4628,0.0
29224,0.0
24044,0.0
18909,0.0
643,0.0
14947,0.0
13831,0.0
8495,0.0
28128,0.0
14760,0.0
7891,0.0
8955,0.0
15860,0.0
3882,0.0
29719,0.0
15847,0.0
23920,0.0
29212,0.0
14309,0.0
18243,0.0
12775,0.0
30035,0.0
21630,0.0
844,0.0
27533,0.0
706,0.0
15842,0.0
7578,0.0
11090,0.0
10474,0.0
7775,0.0
27424,0.0
16202,0.0
12359,0.0
2560,0.0
7542,0.0
22805,0.0
20451,0.0
8952,0.0
16736,0.0
27362,0.0
13095,0.0
2884,0.0
21499,0.0
30521,0.0
28874,0.0
19592,0.0
3107,0.0
20534,0.0
14461,0.0
12612,0.0
8067,0.0
12649,0.0
24830,0.0
879,0.0
485,0.0
21115,0.0
12811,0.0
24184,0.0
19042,0.0
23965,0.0
1920,0.0
22490,0.0
16978,0.0
6203,0.0
23818,0.0
10425,0.0
8303,0.0
21191,0.0
27143,0.0
19152,0.0
12452,0.0
18608,0.0
16916,0.0
15018,0.0
12210,0.0
5369,0.0
5133,0.0
19129,0.0
26302,0.0
20681,0.0
13586,0.0
13856,0.0
21839,0.0
2456,0.0
9884,0.0
2578,0.0
14916,0.0
14694,0.0
2985,0.0
10550,0.0
8911,0.0
24975,0.0
22725,0.0
13608,0.0
14993,0.0
16923,0.0
1450,0.0
29554,0.0
13457,0.0
2545,0.0
8642,0.0
29879,0.0
2714,0.0
14540,0.0
25560,0.0
19511,0.0
23176,0.0
16591,0.0
8007,0.0
12990,0.0
12794,0.0
29141,0.0
15314,0.0
249,0.0
21959,0.0
24658,0.0
21436,0.0
4202,0.0
13657,0.0
14141,0.0
17851,0.0
6785,0.0
12724,0.0
1207,0.0
29866,0.0
24133,0.0
25498,0.0
18305,0.0
3282,0.0
136,0.0
8094,0.0
22305,0.0
16986,0.0
19252,0.0
15162,0.0
20827,0.0
20532,0.0
26364,0.0
9683,0.0
2763,0.0
12439,0.0
16811,0.0
5000,0.0
14858,0.0
9691,0.0
14803,0.0
4824,0.0
25125,0.0
19434,0.0
9635,0.0
22303,0.0
12773,0.0
28632,0.0
27476,0.0
13397,0.0
1755,0.0
30082,0.0
6842,0.0
30194,0.0
5644,0.0
11746,0.0
23040,0.0
10116,0.0
65,0.0
23305,0.0
11097,0.0
20936,0.0
2000,0.0
16201,0.0
5250,0.0
8827,0.0
18627,0.0
9768,0.0
26885,0.0
13205,0.0
24328,0.0
6435,0.0
11020,0.0
22448,0.0
3787,0.0
6257,0.0
5033,0.0
12271,0.0
24503,0.0
5758,0.0
14375,0.0
5988,0.0
21055,0.0
22147,0.0
19413,0.0
11852,0.0
13688,0.0
10237,0.0
22514,0.0
25221,0.0
20198,0.0
24478,0.0
8466,0.0
1451,0.0
27307,0.0
4311,0.0
13857,0.0
13458,0.0
18050,0.0
10498,0.0
17151,0.0
1115,0.0
17293,0.0
10109,0.0
24013,0.0
7140,0.0
16588,0.0
14713,0.0
1182,0.0
5984,0.0
18520,0.0
19052,0.0
5668,0.0
22046,0.0
18107,0.0
30314,0.0
13189,0.0
14148,0.0
17813,0.0
28120,0.0
18833,0.0
30049,0.0
28911,0.0
17425,0.0
23835,0.0
17253,0.0
28737,0.0
15453,0.0
5571,0.0
28329,0.0
64,0.0
16716,0.0
27466,0.0
22548,0.0
27186,0.0
15956,0.0
23354,0.0
18869,0.0
13200,0.0
17445,0.0
22382,0.0
23623,0.0
20044,0.0
5153,0.0
29341,0.0
21145,0.0
15935,0.0
20991,0.0
13033,0.0
14968,0.0
29663,0.0
9128,0.0
21694,0.0
23143,0.0
7080,0.0
19605,0.0
16345,0.0
7010,0.0
2013,0.0
16961,0.0
6845,0.0
29578,0.0
9815,0.0
28147,0.0
11688,0.0
2359,0.0
20212,0.0
28620,0.0
11327,0.0
2882,0.0
20477,0.0
24217,0.0
4010,0.0
21014,0.0
21742,0.0
18424,0.0
4691,0.0
19226,0.0
2413,0.0
2789,0.0
27756,0.0
6625,0.0
2331,0.0
5975,0.0
29594,0.0
25571,0.0
7939,0.0
11826,0.0
12975,0.0
6300,0.0
2898,0.0
10894,0.0
12756,0.0
8262,0.0
11363,0.0
23559,0.0
25183,0.0
16440,0.0
20854,0.0
18093,0.0
28780,0.0
9273,0.0
28022,0.0
28586,0.0
30529,0.0
22489,0.0
2421,0.0
10084,0.0
28343,0.0
25584,0.0
21627,0.0
19023,0.0
7285,0.0
20540,0.0
24185,0.0
4904,0.0
16318,0.0
5992,0.0
17523,0.0
23366,0.0
25831,0.0
19967,0.0
19891,0.0
16117,0.0
17492,0.0
22749,0.0
28794,0.0
16944,0.0
11324,0.0
2471,0.0
9158,0.0
20480,0.0
7156,0.0
23474,0.0
7912,0.0
20288,0.0
9840,0.0
23645,0.0
6167,0.0
21796,0.0
7847,0.0
23657,0.0
17635,0.0
4354,0.0
17322,0.0
4741,0.0
10017,0.0
